,Path,Acq,Acquisition,Modality,Session,Subject,Task,Contrast,Uid,Processing,Template,Threshold,Thresholded Volume,Volume Change Factor
1,/home/chymera/ni_data/ofM.dr/bids_collapsed/sub-4008/ses-ofMaF/func/sub-4008_ses-ofMaF_task-JogB_acq-EPIlowcov_bold.nii,EPIlowcov,EPIlowcov,func,ofMaF,4008,JogB,BOLD,4008_ofMaF_bold,Unprocessed,Unprocessed,8.373740390082823,560.234,-1.0
2,/home/chymera/ni_data/ofM.dr/bids_collapsed/sub-4008/ses-ofMaF/func/sub-4008_ses-ofMaF_task-JogB_acq-EPIlowcov_cbv.nii,EPIlowcov,EPIlowcov,func,ofMaF,4008,JogB,CBV,4008_ofMaF_cbv,Unprocessed,Unprocessed,16.391013907641188,560.234,-1.0
4,/home/chymera/ni_data/ofM.dr/bids_collapsed/sub-4008/ses-ofM/func/sub-4008_ses-ofM_task-JogB_acq-EPIlowcov_cbv.nii,EPIlowcov,EPIlowcov,func,ofM,4008,JogB,CBV,4008_ofM_cbv,Unprocessed,Unprocessed,11.338922575144098,566.603,-1.0
5,/home/chymera/ni_data/ofM.dr/bids_collapsed/sub-4008/ses-ofM/func/sub-4008_ses-ofM_task-JogB_acq-EPIlowcov_bold.nii,EPIlowcov,EPIlowcov,func,ofM,4008,JogB,BOLD,4008_ofM_bold,Unprocessed,Unprocessed,6.250913191267755,566.603,-1.0
7,/home/chymera/ni_data/ofM.dr/bids_collapsed/sub-4008/ses-ofMpF/func/sub-4008_ses-ofMpF_task-JogB_acq-EPIlowcov_bold.nii,EPIlowcov,EPIlowcov,func,ofMpF,4008,JogB,BOLD,4008_ofMpF_bold,Unprocessed,Unprocessed,7.9592456470150506,561.759,-1.0
8,/home/chymera/ni_data/ofM.dr/bids_collapsed/sub-4008/ses-ofMpF/func/sub-4008_ses-ofMpF_task-JogB_acq-EPIlowcov_cbv.nii,EPIlowcov,EPIlowcov,func,ofMpF,4008,JogB,CBV,4008_ofMpF_cbv,Unprocessed,Unprocessed,16.80722113698721,561.701,-1.0
10,/home/chymera/ni_data/ofM.dr/bids_collapsed/sub-4008/ses-ofMcF2/func/sub-4008_ses-ofMcF2_task-JogB_acq-EPIlowcov_bold.nii,EPIlowcov,EPIlowcov,func,ofMcF2,4008,JogB,BOLD,4008_ofMcF2_bold,Unprocessed,Unprocessed,6.380042915507222,557.452,-1.0
11,/home/chymera/ni_data/ofM.dr/bids_collapsed/sub-4008/ses-ofMcF2/func/sub-4008_ses-ofMcF2_task-JogB_acq-EPIlowcov_cbv.nii,EPIlowcov,EPIlowcov,func,ofMcF2,4008,JogB,CBV,4008_ofMcF2_cbv,Unprocessed,Unprocessed,13.742691470179714,557.452,-1.0
13,/home/chymera/ni_data/ofM.dr/bids_collapsed/sub-4008/ses-ofMcF1/func/sub-4008_ses-ofMcF1_task-JogB_acq-EPIlowcov_bold.nii,EPIlowcov,EPIlowcov,func,ofMcF1,4008,JogB,BOLD,4008_ofMcF1_bold,Unprocessed,Unprocessed,8.581853088573553,558.43,-1.0
14,/home/chymera/ni_data/ofM.dr/bids_collapsed/sub-4008/ses-ofMcF1/func/sub-4008_ses-ofMcF1_task-JogB_acq-EPIlowcov_cbv.nii,EPIlowcov,EPIlowcov,func,ofMcF1,4008,JogB,CBV,4008_ofMcF1_cbv,Unprocessed,Unprocessed,16.444044701247478,558.43,-1.0
16,/home/chymera/ni_data/ofM.dr/bids_collapsed/sub-4001/ses-ofMaF/func/sub-4001_ses-ofMaF_task-JogB_acq-EPIlowcov_cbv.nii,EPIlowcov,EPIlowcov,func,ofMaF,4001,JogB,CBV,4001_ofMaF_cbv,Unprocessed,Unprocessed,16.741276453314352,561.822,-1.0
17,/home/chymera/ni_data/ofM.dr/bids_collapsed/sub-4001/ses-ofMaF/func/sub-4001_ses-ofMaF_task-JogB_acq-EPIlowcov_bold.nii,EPIlowcov,EPIlowcov,func,ofMaF,4001,JogB,BOLD,4001_ofMaF_bold,Unprocessed,Unprocessed,8.875134223140776,561.765,-1.0
19,/home/chymera/ni_data/ofM.dr/bids_collapsed/sub-4001/ses-ofM/func/sub-4001_ses-ofM_task-JogB_acq-EPIlowcov_bold.nii,EPIlowcov,EPIlowcov,func,ofM,4001,JogB,BOLD,4001_ofM_bold,Unprocessed,Unprocessed,8.10789917036891,566.544,-1.0
20,/home/chymera/ni_data/ofM.dr/bids_collapsed/sub-4001/ses-ofM/func/sub-4001_ses-ofM_task-JogB_acq-EPIlowcov_cbv.nii,EPIlowcov,EPIlowcov,func,ofM,4001,JogB,CBV,4001_ofM_cbv,Unprocessed,Unprocessed,18.2600571885705,566.486,-1.0
22,/home/chymera/ni_data/ofM.dr/bids_collapsed/sub-4001/ses-ofMcF2/func/sub-4001_ses-ofMcF2_task-JogB_acq-EPIlowcov_bold.nii,EPIlowcov,EPIlowcov,func,ofMcF2,4001,JogB,BOLD,4001_ofMcF2_bold,Unprocessed,Unprocessed,6.373974516987801,559.595,-1.0
23,/home/chymera/ni_data/ofM.dr/bids_collapsed/sub-4001/ses-ofMcF2/func/sub-4001_ses-ofMcF2_task-JogB_acq-EPIlowcov_cbv.nii,EPIlowcov,EPIlowcov,func,ofMcF2,4001,JogB,CBV,4001_ofMcF2_cbv,Unprocessed,Unprocessed,13.768319586436265,559.652,-1.0
25,/home/chymera/ni_data/ofM.dr/bids_collapsed/sub-4001/ses-ofMcF1/func/sub-4001_ses-ofMcF1_task-JogB_acq-EPIlowcov_bold.nii,EPIlowcov,EPIlowcov,func,ofMcF1,4001,JogB,BOLD,4001_ofMcF1_bold,Unprocessed,Unprocessed,6.805492992703804,558.114,-1.0
26,/home/chymera/ni_data/ofM.dr/bids_collapsed/sub-4001/ses-ofMcF1/func/sub-4001_ses-ofMcF1_task-JogB_acq-EPIlowcov_cbv.nii,EPIlowcov,EPIlowcov,func,ofMcF1,4001,JogB,CBV,4001_ofMcF1_cbv,Unprocessed,Unprocessed,11.806942053502429,558.114,-1.0
28,/home/chymera/ni_data/ofM.dr/bids_collapsed/sub-4009/ses-ofMaF/func/sub-4009_ses-ofMaF_task-JogB_acq-EPIlowcov_cbv.nii,EPIlowcov,EPIlowcov,func,ofMaF,4009,JogB,CBV,4009_ofMaF_cbv,Unprocessed,Unprocessed,14.100244160215372,557.8,-1.0
29,/home/chymera/ni_data/ofM.dr/bids_collapsed/sub-4009/ses-ofMaF/func/sub-4009_ses-ofMaF_task-JogB_acq-EPIlowcov_bold.nii,EPIlowcov,EPIlowcov,func,ofMaF,4009,JogB,BOLD,4009_ofMaF_bold,Unprocessed,Unprocessed,7.893669863464311,557.743,-1.0
31,/home/chymera/ni_data/ofM.dr/bids_collapsed/sub-4009/ses-ofM/func/sub-4009_ses-ofM_task-JogB_acq-EPIlowcov_cbv.nii,EPIlowcov,EPIlowcov,func,ofM,4009,JogB,CBV,4009_ofM_cbv,Unprocessed,Unprocessed,14.356415686742404,558.68,-1.0
32,/home/chymera/ni_data/ofM.dr/bids_collapsed/sub-4009/ses-ofM/func/sub-4009_ses-ofM_task-JogB_acq-EPIlowcov_bold.nii,EPIlowcov,EPIlowcov,func,ofM,4009,JogB,BOLD,4009_ofM_bold,Unprocessed,Unprocessed,7.281733891551849,558.68,-1.0
34,/home/chymera/ni_data/ofM.dr/bids_collapsed/sub-4009/ses-ofMpF/func/sub-4009_ses-ofMpF_task-JogB_acq-EPIlowcov_cbv.nii,EPIlowcov,EPIlowcov,func,ofMpF,4009,JogB,CBV,4009_ofMpF_cbv,Unprocessed,Unprocessed,14.175524762985297,559.357,-1.0
35,/home/chymera/ni_data/ofM.dr/bids_collapsed/sub-4009/ses-ofMpF/func/sub-4009_ses-ofMpF_task-JogB_acq-EPIlowcov_bold.nii,EPIlowcov,EPIlowcov,func,ofMpF,4009,JogB,BOLD,4009_ofMpF_bold,Unprocessed,Unprocessed,7.3888524481887,559.357,-1.0
37,/home/chymera/ni_data/ofM.dr/bids_collapsed/sub-4009/ses-ofMcF2/func/sub-4009_ses-ofMcF2_task-JogB_acq-EPIlowcov_cbv.nii,EPIlowcov,EPIlowcov,func,ofMcF2,4009,JogB,CBV,4009_ofMcF2_cbv,Unprocessed,Unprocessed,13.502189164049923,566.546,-1.0
38,/home/chymera/ni_data/ofM.dr/bids_collapsed/sub-4009/ses-ofMcF2/func/sub-4009_ses-ofMcF2_task-JogB_acq-EPIlowcov_bold.nii,EPIlowcov,EPIlowcov,func,ofMcF2,4009,JogB,BOLD,4009_ofMcF2_bold,Unprocessed,Unprocessed,7.191804826958105,566.546,-1.0
40,/home/chymera/ni_data/ofM.dr/bids_collapsed/sub-4009/ses-ofMcF1/func/sub-4009_ses-ofMcF1_task-JogB_acq-EPIlowcov_bold.nii,EPIlowcov,EPIlowcov,func,ofMcF1,4009,JogB,BOLD,4009_ofMcF1_bold,Unprocessed,Unprocessed,6.594329581845087,557.196,-1.0
41,/home/chymera/ni_data/ofM.dr/bids_collapsed/sub-4009/ses-ofMcF1/func/sub-4009_ses-ofMcF1_task-JogB_acq-EPIlowcov_cbv.nii,EPIlowcov,EPIlowcov,func,ofMcF1,4009,JogB,CBV,4009_ofMcF1_cbv,Unprocessed,Unprocessed,13.079402402276175,557.196,-1.0
43,/home/chymera/ni_data/ofM.dr/bids_collapsed/sub-4002/ses-ofM/func/sub-4002_ses-ofM_task-JogB_acq-EPIlowcov_bold.nii,EPIlowcov,EPIlowcov,func,ofM,4002,JogB,BOLD,4002_ofM_bold,Unprocessed,Unprocessed,6.698819908546284,566.427,-1.0
44,/home/chymera/ni_data/ofM.dr/bids_collapsed/sub-4002/ses-ofM/func/sub-4002_ses-ofM_task-JogB_acq-EPIlowcov_cbv.nii,EPIlowcov,EPIlowcov,func,ofM,4002,JogB,CBV,4002_ofM_cbv,Unprocessed,Unprocessed,13.65185357011855,566.602,-1.0
46,/home/chymera/ni_data/ofM.dr/bids_collapsed/sub-4004/ses-ofM/func/sub-4004_ses-ofM_task-JogB_acq-EPIlowcov_bold.nii,EPIlowcov,EPIlowcov,func,ofM,4004,JogB,BOLD,4004_ofM_bold,Unprocessed,Unprocessed,8.282602289458737,566.558,-1.0
47,/home/chymera/ni_data/ofM.dr/bids_collapsed/sub-4004/ses-ofM/func/sub-4004_ses-ofM_task-JogB_acq-EPIlowcov_cbv.nii,EPIlowcov,EPIlowcov,func,ofM,4004,JogB,CBV,4004_ofM_cbv,Unprocessed,Unprocessed,16.334813465364277,566.558,-1.0
49,/home/chymera/ni_data/ofM.dr/bids_collapsed/sub-4006/ses-ofM/func/sub-4006_ses-ofM_task-JogB_acq-EPIlowcov_cbv.nii,EPIlowcov,EPIlowcov,func,ofM,4006,JogB,CBV,4006_ofM_cbv,Unprocessed,Unprocessed,14.505311960652472,566.603,-1.0
50,/home/chymera/ni_data/ofM.dr/bids_collapsed/sub-4006/ses-ofM/func/sub-4006_ses-ofM_task-JogB_acq-EPIlowcov_bold.nii,EPIlowcov,EPIlowcov,func,ofM,4006,JogB,BOLD,4006_ofM_bold,Unprocessed,Unprocessed,8.817855184348304,566.603,-1.0
52,/home/chymera/ni_data/ofM.dr/bids_collapsed/sub-4005/ses-ofMaF/func/sub-4005_ses-ofMaF_task-JogB_acq-EPIlowcov_bold.nii,EPIlowcov,EPIlowcov,func,ofMaF,4005,JogB,BOLD,4005_ofMaF_bold,Unprocessed,Unprocessed,7.062445865161718,558.374,-1.0
53,/home/chymera/ni_data/ofM.dr/bids_collapsed/sub-4005/ses-ofMaF/func/sub-4005_ses-ofMaF_task-JogB_acq-EPIlowcov_cbv.nii,EPIlowcov,EPIlowcov,func,ofMaF,4005,JogB,CBV,4005_ofMaF_cbv,Unprocessed,Unprocessed,15.426039486490193,558.374,-1.0
55,/home/chymera/ni_data/ofM.dr/bids_collapsed/sub-4005/ses-ofM/func/sub-4005_ses-ofM_task-JogB_acq-EPIlowcov_bold.nii,EPIlowcov,EPIlowcov,func,ofM,4005,JogB,BOLD,4005_ofM_bold,Unprocessed,Unprocessed,9.028439881280065,559.297,-1.0
56,/home/chymera/ni_data/ofM.dr/bids_collapsed/sub-4005/ses-ofM/func/sub-4005_ses-ofM_task-JogB_acq-EPIlowcov_cbv.nii,EPIlowcov,EPIlowcov,func,ofM,4005,JogB,CBV,4005_ofM_cbv,Unprocessed,Unprocessed,15.687664725370709,559.411,-1.0
58,/home/chymera/ni_data/ofM.dr/bids_collapsed/sub-4013/ses-ofM/func/sub-4013_ses-ofM_task-JogB_acq-EPIlowcov_bold.nii,EPIlowcov,EPIlowcov,func,ofM,4013,JogB,BOLD,4013_ofM_bold,Unprocessed,Unprocessed,10.122064032796773,566.616,-1.0
59,/home/chymera/ni_data/ofM.dr/bids_collapsed/sub-4013/ses-ofM/func/sub-4013_ses-ofM_task-JogB_acq-EPIlowcov_cbv.nii,EPIlowcov,EPIlowcov,func,ofM,4013,JogB,CBV,4013_ofM_cbv,Unprocessed,Unprocessed,19.75711251282599,566.616,-1.0
61,/home/chymera/ni_data/ofM.dr/bids_collapsed/sub-4012/ses-ofMaF/func/sub-4012_ses-ofMaF_task-JogB_acq-EPIlowcov_bold.nii,EPIlowcov,EPIlowcov,func,ofMaF,4012,JogB,BOLD,4012_ofMaF_bold,Unprocessed,Unprocessed,7.402939622197302,558.621,-1.0
62,/home/chymera/ni_data/ofM.dr/bids_collapsed/sub-4012/ses-ofMaF/func/sub-4012_ses-ofMaF_task-JogB_acq-EPIlowcov_cbv.nii,EPIlowcov,EPIlowcov,func,ofMaF,4012,JogB,CBV,4012_ofMaF_cbv,Unprocessed,Unprocessed,15.088497343249625,558.621,-1.0
65,/home/chymera/ni_data/ofM.dr/bids_collapsed/sub-4012/ses-ofM/func/sub-4012_ses-ofM_task-JogB_acq-EPIlowcov_cbv.nii,EPIlowcov,EPIlowcov,func,ofM,4012,JogB,CBV,4012_ofM_cbv,Unprocessed,Unprocessed,16.443046606937425,566.616,-1.0
66,/home/chymera/ni_data/ofM.dr/bids_collapsed/sub-4012/ses-ofM/func/sub-4012_ses-ofM_task-JogB_acq-EPIlowcov_bold.nii,EPIlowcov,EPIlowcov,func,ofM,4012,JogB,BOLD,4012_ofM_bold,Unprocessed,Unprocessed,10.018076512496918,566.558,-1.0
68,/home/chymera/ni_data/ofM.dr/bids_collapsed/sub-4012/ses-ofMpF/func/sub-4012_ses-ofMpF_task-JogB_acq-EPIlowcov_cbv.nii,EPIlowcov,EPIlowcov,func,ofMpF,4012,JogB,CBV,4012_ofMpF_cbv,Unprocessed,Unprocessed,11.196024809565863,557.831,-1.0
69,/home/chymera/ni_data/ofM.dr/bids_collapsed/sub-4012/ses-ofMpF/func/sub-4012_ses-ofMpF_task-JogB_acq-EPIlowcov_bold.nii,EPIlowcov,EPIlowcov,func,ofMpF,4012,JogB,BOLD,4012_ofMpF_bold,Unprocessed,Unprocessed,6.066190205747262,557.716,-1.0
71,/home/chymera/ni_data/ofM.dr/bids_collapsed/sub-4012/ses-ofMcF2/func/sub-4012_ses-ofMcF2_task-JogB_acq-EPIlowcov_bold.nii,EPIlowcov,EPIlowcov,func,ofMcF2,4012,JogB,BOLD,4012_ofMcF2_bold,Unprocessed,Unprocessed,5.7781872241129175,557.827,-1.0
72,/home/chymera/ni_data/ofM.dr/bids_collapsed/sub-4012/ses-ofMcF2/func/sub-4012_ses-ofMcF2_task-JogB_acq-EPIlowcov_cbv.nii,EPIlowcov,EPIlowcov,func,ofMcF2,4012,JogB,CBV,4012_ofMcF2_cbv,Unprocessed,Unprocessed,12.320964620290328,557.827,-1.0
74,/home/chymera/ni_data/ofM.dr/bids_collapsed/sub-4012/ses-ofMcF1/func/sub-4012_ses-ofMcF1_task-JogB_acq-EPIlowcov_bold.nii,EPIlowcov,EPIlowcov,func,ofMcF1,4012,JogB,BOLD,4012_ofMcF1_bold,Unprocessed,Unprocessed,5.832127338580323,557.301,-1.0
75,/home/chymera/ni_data/ofM.dr/bids_collapsed/sub-4012/ses-ofMcF1/func/sub-4012_ses-ofMcF1_task-JogB_acq-EPIlowcov_cbv.nii,EPIlowcov,EPIlowcov,func,ofMcF1,4012,JogB,CBV,4012_ofMcF1_cbv,Unprocessed,Unprocessed,11.321552565763705,557.301,-1.0
77,/home/chymera/ni_data/ofM.dr/bids_collapsed/sub-4007/ses-ofMaF/func/sub-4007_ses-ofMaF_task-JogB_acq-EPIlowcov_bold.nii,EPIlowcov,EPIlowcov,func,ofMaF,4007,JogB,BOLD,4007_ofMaF_bold,Unprocessed,Unprocessed,9.000608548275197,566.616,-1.0
78,/home/chymera/ni_data/ofM.dr/bids_collapsed/sub-4007/ses-ofMaF/func/sub-4007_ses-ofMaF_task-JogB_acq-EPIlowcov_cbv.nii,EPIlowcov,EPIlowcov,func,ofMaF,4007,JogB,CBV,4007_ofMaF_cbv,Unprocessed,Unprocessed,16.98559802832548,566.616,-1.0
80,/home/chymera/ni_data/ofM.dr/bids_collapsed/sub-4007/ses-ofM/func/sub-4007_ses-ofM_task-JogB_acq-EPIlowcov_bold.nii,EPIlowcov,EPIlowcov,func,ofM,4007,JogB,BOLD,4007_ofM_bold,Unprocessed,Unprocessed,10.658326071221381,566.552,-1.0
81,/home/chymera/ni_data/ofM.dr/bids_collapsed/sub-4007/ses-ofM/func/sub-4007_ses-ofM_task-JogB_acq-EPIlowcov_cbv.nii,EPIlowcov,EPIlowcov,func,ofM,4007,JogB,CBV,4007_ofM_cbv,Unprocessed,Unprocessed,18.396059730779385,566.61,-1.0
83,/home/chymera/ni_data/ofM.dr/bids_collapsed/sub-4007/ses-ofMpF/func/sub-4007_ses-ofMpF_task-JogB_acq-EPIlowcov_cbv.nii,EPIlowcov,EPIlowcov,func,ofMpF,4007,JogB,CBV,4007_ofMpF_cbv,Unprocessed,Unprocessed,13.134875692743812,560.125,-1.0
84,/home/chymera/ni_data/ofM.dr/bids_collapsed/sub-4007/ses-ofMpF/func/sub-4007_ses-ofMpF_task-JogB_acq-EPIlowcov_bold.nii,EPIlowcov,EPIlowcov,func,ofMpF,4007,JogB,BOLD,4007_ofMpF_bold,Unprocessed,Unprocessed,7.860122910668144,560.125,-1.0
86,/home/chymera/ni_data/ofM.dr/bids_collapsed/sub-4007/ses-ofMcF2/func/sub-4007_ses-ofMcF2_task-JogB_acq-EPIlowcov_cbv.nii,EPIlowcov,EPIlowcov,func,ofMcF2,4007,JogB,CBV,4007_ofMcF2_cbv,Unprocessed,Unprocessed,14.049526875838637,557.59,-1.0
87,/home/chymera/ni_data/ofM.dr/bids_collapsed/sub-4007/ses-ofMcF2/func/sub-4007_ses-ofMcF2_task-JogB_acq-EPIlowcov_bold.nii,EPIlowcov,EPIlowcov,func,ofMcF2,4007,JogB,BOLD,4007_ofMcF2_bold,Unprocessed,Unprocessed,7.686653916381767,557.647,-1.0
89,/home/chymera/ni_data/ofM.dr/bids_collapsed/sub-4007/ses-ofMcF1/func/sub-4007_ses-ofMcF1_task-JogB_acq-EPIlowcov_cbv.nii,EPIlowcov,EPIlowcov,func,ofMcF1,4007,JogB,CBV,4007_ofMcF1_cbv,Unprocessed,Unprocessed,15.2850985750556,557.651,-1.0
90,/home/chymera/ni_data/ofM.dr/bids_collapsed/sub-4007/ses-ofMcF1/func/sub-4007_ses-ofMcF1_task-JogB_acq-EPIlowcov_bold.nii,EPIlowcov,EPIlowcov,func,ofMcF1,4007,JogB,BOLD,4007_ofMcF1_bold,Unprocessed,Unprocessed,8.306339861154557,557.765,-1.0
92,/home/chymera/ni_data/ofM.dr/bids_collapsed/sub-4011/ses-ofMaF/func/sub-4011_ses-ofMaF_task-JogB_acq-EPIlowcov_bold.nii,EPIlowcov,EPIlowcov,func,ofMaF,4011,JogB,BOLD,4011_ofMaF_bold,Unprocessed,Unprocessed,9.722257490623747,566.616,-1.0
93,/home/chymera/ni_data/ofM.dr/bids_collapsed/sub-4011/ses-ofMaF/func/sub-4011_ses-ofMaF_task-JogB_acq-EPIlowcov_cbv.nii,EPIlowcov,EPIlowcov,func,ofMaF,4011,JogB,CBV,4011_ofMaF_cbv,Unprocessed,Unprocessed,15.387464227769527,566.616,-1.0
95,/home/chymera/ni_data/ofM.dr/bids_collapsed/sub-4011/ses-ofM/func/sub-4011_ses-ofM_task-JogB_acq-EPIlowcov_bold.nii,EPIlowcov,EPIlowcov,func,ofM,4011,JogB,BOLD,4011_ofM_bold,Unprocessed,Unprocessed,8.016892031738536,557.306,-1.0
96,/home/chymera/ni_data/ofM.dr/bids_collapsed/sub-4011/ses-ofM/func/sub-4011_ses-ofM_task-JogB_acq-EPIlowcov_cbv.nii,EPIlowcov,EPIlowcov,func,ofM,4011,JogB,CBV,4011_ofM_cbv,Unprocessed,Unprocessed,16.823312208503488,557.306,-1.0
98,/home/chymera/ni_data/ofM.dr/bids_collapsed/sub-4011/ses-ofMcF2/func/sub-4011_ses-ofMcF2_task-JogB_acq-EPIlowcov_cbv.nii,EPIlowcov,EPIlowcov,func,ofMcF2,4011,JogB,CBV,4011_ofMcF2_cbv,Unprocessed,Unprocessed,11.634222518792377,557.298,-1.0
99,/home/chymera/ni_data/ofM.dr/bids_collapsed/sub-4011/ses-ofMcF2/func/sub-4011_ses-ofMcF2_task-JogB_acq-EPIlowcov_bold.nii,EPIlowcov,EPIlowcov,func,ofMcF2,4011,JogB,BOLD,4011_ofMcF2_bold,Unprocessed,Unprocessed,6.085530829965139,557.298,-1.0
101,/home/chymera/ni_data/ofM.dr/bids_collapsed/sub-4011/ses-ofMcF1/func/sub-4011_ses-ofMcF1_task-JogB_acq-EPIlowcov_cbv.nii,EPIlowcov,EPIlowcov,func,ofMcF1,4011,JogB,CBV,4011_ofMcF1_cbv,Unprocessed,Unprocessed,15.787374570034446,557.375,-1.0
102,/home/chymera/ni_data/ofM.dr/bids_collapsed/sub-4011/ses-ofMcF1/func/sub-4011_ses-ofMcF1_task-JogB_acq-EPIlowcov_bold.nii,EPIlowcov,EPIlowcov,func,ofMcF1,4011,JogB,BOLD,4011_ofMcF1_bold,Unprocessed,Unprocessed,8.522747204336339,557.375,-1.0
1,/home/chymera/ni_data/ofM.dr/preprocessing/generic_collapsed/sub-4008/ses-ofMaF/func/sub-4008_ses-ofMaF_task-JogB_acq-EPIlowcov_bold.nii.gz,EPIlowcov,EPIlowcov,func,ofMaF,4008,JogB,BOLD,4008_ofMaF_bold,Generic,Generic,8.373740390082823,617.472,1.1021680226476793
2,/home/chymera/ni_data/ofM.dr/preprocessing/generic_collapsed/sub-4008/ses-ofMaF/func/sub-4008_ses-ofMaF_task-JogB_acq-EPIlowcov_cbv.nii.gz,EPIlowcov,EPIlowcov,func,ofMaF,4008,JogB,CBV,4008_ofMaF_cbv,Generic,Generic,16.391013907641188,600.936,1.072651784789927
4,/home/chymera/ni_data/ofM.dr/preprocessing/generic_collapsed/sub-4008/ses-ofM/func/sub-4008_ses-ofM_task-JogB_acq-EPIlowcov_cbv.nii.gz,EPIlowcov,EPIlowcov,func,ofM,4008,JogB,CBV,4008_ofM_cbv,Generic,Generic,11.338922575144098,595.336,1.0507109916467086
5,/home/chymera/ni_data/ofM.dr/preprocessing/generic_collapsed/sub-4008/ses-ofM/func/sub-4008_ses-ofM_task-JogB_acq-EPIlowcov_bold.nii.gz,EPIlowcov,EPIlowcov,func,ofM,4008,JogB,BOLD,4008_ofM_bold,Generic,Generic,6.250913191267755,615.848,1.0869127060746238
7,/home/chymera/ni_data/ofM.dr/preprocessing/generic_collapsed/sub-4008/ses-ofMpF/func/sub-4008_ses-ofMpF_task-JogB_acq-EPIlowcov_bold.nii.gz,EPIlowcov,EPIlowcov,func,ofMpF,4008,JogB,BOLD,4008_ofMpF_bold,Generic,Generic,7.9592456470150506,616.816,1.0980082206070576
8,/home/chymera/ni_data/ofM.dr/preprocessing/generic_collapsed/sub-4008/ses-ofMpF/func/sub-4008_ses-ofMpF_task-JogB_acq-EPIlowcov_cbv.nii.gz,EPIlowcov,EPIlowcov,func,ofMpF,4008,JogB,CBV,4008_ofMpF_cbv,Generic,Generic,16.80722113698721,599.8,1.0678279013211653
10,/home/chymera/ni_data/ofM.dr/preprocessing/generic_collapsed/sub-4008/ses-ofMcF2/func/sub-4008_ses-ofMcF2_task-JogB_acq-EPIlowcov_bold.nii.gz,EPIlowcov,EPIlowcov,func,ofMcF2,4008,JogB,BOLD,4008_ofMcF2_bold,Generic,Generic,6.380042915507222,619.912,1.1120455214081213
11,/home/chymera/ni_data/ofM.dr/preprocessing/generic_collapsed/sub-4008/ses-ofMcF2/func/sub-4008_ses-ofMcF2_task-JogB_acq-EPIlowcov_cbv.nii.gz,EPIlowcov,EPIlowcov,func,ofMcF2,4008,JogB,CBV,4008_ofMcF2_cbv,Generic,Generic,13.742691470179714,598.44,1.0735274068439975
13,/home/chymera/ni_data/ofM.dr/preprocessing/generic_collapsed/sub-4008/ses-ofMcF1/func/sub-4008_ses-ofMcF1_task-JogB_acq-EPIlowcov_cbv.nii.gz,EPIlowcov,EPIlowcov,func,ofMcF1,4008,JogB,CBV,4008_ofMcF1_cbv,Generic,Generic,16.444044701247478,593.08,1.0620489586877497
14,/home/chymera/ni_data/ofM.dr/preprocessing/generic_collapsed/sub-4008/ses-ofMcF1/func/sub-4008_ses-ofMcF1_task-JogB_acq-EPIlowcov_bold.nii.gz,EPIlowcov,EPIlowcov,func,ofMcF1,4008,JogB,BOLD,4008_ofMcF1_bold,Generic,Generic,8.581853088573553,602.336,1.078623999426965
16,/home/chymera/ni_data/ofM.dr/preprocessing/generic_collapsed/sub-4001/ses-ofMaF/func/sub-4001_ses-ofMaF_task-JogB_acq-EPIlowcov_bold.nii.gz,EPIlowcov,EPIlowcov,func,ofMaF,4001,JogB,BOLD,4001_ofMaF_bold,Generic,Generic,8.875134223140776,574.64,1.0229188361681485
17,/home/chymera/ni_data/ofM.dr/preprocessing/generic_collapsed/sub-4001/ses-ofMaF/func/sub-4001_ses-ofMaF_task-JogB_acq-EPIlowcov_cbv.nii.gz,EPIlowcov,EPIlowcov,func,ofMaF,4001,JogB,CBV,4001_ofMaF_cbv,Generic,Generic,16.741276453314352,569.96,1.0144850148267601
19,/home/chymera/ni_data/ofM.dr/preprocessing/generic_collapsed/sub-4001/ses-ofM/func/sub-4001_ses-ofM_task-JogB_acq-EPIlowcov_cbv.nii.gz,EPIlowcov,EPIlowcov,func,ofM,4001,JogB,CBV,4001_ofM_cbv,Generic,Generic,18.2600571885705,570.824,1.0076577355839331
20,/home/chymera/ni_data/ofM.dr/preprocessing/generic_collapsed/sub-4001/ses-ofM/func/sub-4001_ses-ofM_task-JogB_acq-EPIlowcov_bold.nii.gz,EPIlowcov,EPIlowcov,func,ofM,4001,JogB,BOLD,4001_ofM_bold,Generic,Generic,8.10789917036891,578.152,1.0204891411787964
22,/home/chymera/ni_data/ofM.dr/preprocessing/generic_collapsed/sub-4001/ses-ofMcF2/func/sub-4001_ses-ofMcF2_task-JogB_acq-EPIlowcov_bold.nii.gz,EPIlowcov,EPIlowcov,func,ofMcF2,4001,JogB,BOLD,4001_ofMcF2_bold,Generic,Generic,6.373974516987801,629.64,1.125170882513246
23,/home/chymera/ni_data/ofM.dr/preprocessing/generic_collapsed/sub-4001/ses-ofMcF2/func/sub-4001_ses-ofMcF2_task-JogB_acq-EPIlowcov_cbv.nii.gz,EPIlowcov,EPIlowcov,func,ofMcF2,4001,JogB,CBV,4001_ofMcF2_cbv,Generic,Generic,13.768319586436265,600.664,1.0732812533502962
25,/home/chymera/ni_data/ofM.dr/preprocessing/generic_collapsed/sub-4001/ses-ofMcF1/func/sub-4001_ses-ofMcF1_task-JogB_acq-EPIlowcov_bold.nii.gz,EPIlowcov,EPIlowcov,func,ofMcF1,4001,JogB,BOLD,4001_ofMcF1_bold,Generic,Generic,6.805492992703804,550.912,0.9870958263007199
26,/home/chymera/ni_data/ofM.dr/preprocessing/generic_collapsed/sub-4001/ses-ofMcF1/func/sub-4001_ses-ofMcF1_task-JogB_acq-EPIlowcov_cbv.nii.gz,EPIlowcov,EPIlowcov,func,ofMcF1,4001,JogB,CBV,4001_ofMcF1_cbv,Generic,Generic,11.806942053502429,554.008,0.9926430800875807
28,/home/chymera/ni_data/ofM.dr/preprocessing/generic_collapsed/sub-4009/ses-ofMaF/func/sub-4009_ses-ofMaF_task-JogB_acq-EPIlowcov_cbv.nii.gz,EPIlowcov,EPIlowcov,func,ofMaF,4009,JogB,CBV,4009_ofMaF_cbv,Generic,Generic,14.100244160215372,599.36,1.0745069917533168
29,/home/chymera/ni_data/ofM.dr/preprocessing/generic_collapsed/sub-4009/ses-ofMaF/func/sub-4009_ses-ofMaF_task-JogB_acq-EPIlowcov_bold.nii.gz,EPIlowcov,EPIlowcov,func,ofMaF,4009,JogB,BOLD,4009_ofMaF_bold,Generic,Generic,7.893669863464311,604.92,1.084585552844231
31,/home/chymera/ni_data/ofM.dr/preprocessing/generic_collapsed/sub-4009/ses-ofM/func/sub-4009_ses-ofM_task-JogB_acq-EPIlowcov_cbv.nii.gz,EPIlowcov,EPIlowcov,func,ofM,4009,JogB,CBV,4009_ofM_cbv,Generic,Generic,14.356415686742404,596.264,1.067272857449703
32,/home/chymera/ni_data/ofM.dr/preprocessing/generic_collapsed/sub-4009/ses-ofM/func/sub-4009_ses-ofM_task-JogB_acq-EPIlowcov_bold.nii.gz,EPIlowcov,EPIlowcov,func,ofM,4009,JogB,BOLD,4009_ofM_bold,Generic,Generic,7.281733891551849,600.848,1.0754779122216653
34,/home/chymera/ni_data/ofM.dr/preprocessing/generic_collapsed/sub-4009/ses-ofMpF/func/sub-4009_ses-ofMpF_task-JogB_acq-EPIlowcov_cbv.nii.gz,EPIlowcov,EPIlowcov,func,ofMpF,4009,JogB,CBV,4009_ofMpF_cbv,Generic,Generic,14.175524762985297,585.944,1.0475313619030422
35,/home/chymera/ni_data/ofM.dr/preprocessing/generic_collapsed/sub-4009/ses-ofMpF/func/sub-4009_ses-ofMpF_task-JogB_acq-EPIlowcov_bold.nii.gz,EPIlowcov,EPIlowcov,func,ofMpF,4009,JogB,BOLD,4009_ofMpF_bold,Generic,Generic,7.3888524481887,570.448,1.0198281240781826
37,/home/chymera/ni_data/ofM.dr/preprocessing/generic_collapsed/sub-4009/ses-ofMcF2/func/sub-4009_ses-ofMcF2_task-JogB_acq-EPIlowcov_cbv.nii.gz,EPIlowcov,EPIlowcov,func,ofMcF2,4009,JogB,CBV,4009_ofMcF2_cbv,Generic,Generic,13.502189164049923,587.768,1.0374585647061314
38,/home/chymera/ni_data/ofM.dr/preprocessing/generic_collapsed/sub-4009/ses-ofMcF2/func/sub-4009_ses-ofMcF2_task-JogB_acq-EPIlowcov_bold.nii.gz,EPIlowcov,EPIlowcov,func,ofMcF2,4009,JogB,BOLD,4009_ofMcF2_bold,Generic,Generic,7.191804826958105,589.304,1.0401697302602082
40,/home/chymera/ni_data/ofM.dr/preprocessing/generic_collapsed/sub-4009/ses-ofMcF1/func/sub-4009_ses-ofMcF1_task-JogB_acq-EPIlowcov_bold.nii.gz,EPIlowcov,EPIlowcov,func,ofMcF1,4009,JogB,BOLD,4009_ofMcF1_bold,Generic,Generic,6.594329581845087,588.472,1.0561310562172017
41,/home/chymera/ni_data/ofM.dr/preprocessing/generic_collapsed/sub-4009/ses-ofMcF1/func/sub-4009_ses-ofMcF1_task-JogB_acq-EPIlowcov_cbv.nii.gz,EPIlowcov,EPIlowcov,func,ofMcF1,4009,JogB,CBV,4009_ofMcF1_cbv,Generic,Generic,13.079402402276175,584.464,1.0489378961801592
43,/home/chymera/ni_data/ofM.dr/preprocessing/generic_collapsed/sub-4002/ses-ofM/func/sub-4002_ses-ofM_task-JogB_acq-EPIlowcov_cbv.nii.gz,EPIlowcov,EPIlowcov,func,ofM,4002,JogB,CBV,4002_ofM_cbv,Generic,Generic,13.65185357011855,548.696,0.968397570075644
44,/home/chymera/ni_data/ofM.dr/preprocessing/generic_collapsed/sub-4002/ses-ofM/func/sub-4002_ses-ofM_task-JogB_acq-EPIlowcov_bold.nii.gz,EPIlowcov,EPIlowcov,func,ofM,4002,JogB,BOLD,4002_ofM_bold,Generic,Generic,6.698819908546284,555.64,0.9809560631820163
46,/home/chymera/ni_data/ofM.dr/preprocessing/generic_collapsed/sub-4004/ses-ofM/func/sub-4004_ses-ofM_task-JogB_acq-EPIlowcov_bold.nii.gz,EPIlowcov,EPIlowcov,func,ofM,4004,JogB,BOLD,4004_ofM_bold,Generic,Generic,8.282602289458737,587.84,1.037563673975127
47,/home/chymera/ni_data/ofM.dr/preprocessing/generic_collapsed/sub-4004/ses-ofM/func/sub-4004_ses-ofM_task-JogB_acq-EPIlowcov_cbv.nii.gz,EPIlowcov,EPIlowcov,func,ofM,4004,JogB,CBV,4004_ofM_cbv,Generic,Generic,16.334813465364277,579.704,1.023203273098253
49,/home/chymera/ni_data/ofM.dr/preprocessing/generic_collapsed/sub-4006/ses-ofM/func/sub-4006_ses-ofM_task-JogB_acq-EPIlowcov_cbv.nii.gz,EPIlowcov,EPIlowcov,func,ofM,4006,JogB,CBV,4006_ofM_cbv,Generic,Generic,14.505311960652472,578.368,1.0207640976133203
50,/home/chymera/ni_data/ofM.dr/preprocessing/generic_collapsed/sub-4006/ses-ofM/func/sub-4006_ses-ofM_task-JogB_acq-EPIlowcov_bold.nii.gz,EPIlowcov,EPIlowcov,func,ofM,4006,JogB,BOLD,4006_ofM_bold,Generic,Generic,8.817855184348304,592.32,1.0453880406563327
52,/home/chymera/ni_data/ofM.dr/preprocessing/generic_collapsed/sub-4005/ses-ofMaF/func/sub-4005_ses-ofMaF_task-JogB_acq-EPIlowcov_bold.nii.gz,EPIlowcov,EPIlowcov,func,ofMaF,4005,JogB,BOLD,4005_ofMaF_bold,Generic,Generic,7.062445865161718,509.288,0.9120911790305423
53,/home/chymera/ni_data/ofM.dr/preprocessing/generic_collapsed/sub-4005/ses-ofMaF/func/sub-4005_ses-ofMaF_task-JogB_acq-EPIlowcov_cbv.nii.gz,EPIlowcov,EPIlowcov,func,ofMaF,4005,JogB,CBV,4005_ofMaF_cbv,Generic,Generic,15.426039486490193,488.344,0.8745822692317335
55,/home/chymera/ni_data/ofM.dr/preprocessing/generic_collapsed/sub-4005/ses-ofM/func/sub-4005_ses-ofM_task-JogB_acq-EPIlowcov_bold.nii.gz,EPIlowcov,EPIlowcov,func,ofM,4005,JogB,BOLD,4005_ofM_bold,Generic,Generic,9.028439881280065,506.752,0.9060517041929422
56,/home/chymera/ni_data/ofM.dr/preprocessing/generic_collapsed/sub-4005/ses-ofM/func/sub-4005_ses-ofM_task-JogB_acq-EPIlowcov_cbv.nii.gz,EPIlowcov,EPIlowcov,func,ofM,4005,JogB,CBV,4005_ofM_cbv,Generic,Generic,15.687664725370709,485.352,0.8676125424777132
58,/home/chymera/ni_data/ofM.dr/preprocessing/generic_collapsed/sub-4013/ses-ofM/func/sub-4013_ses-ofM_task-JogB_acq-EPIlowcov_cbv.nii.gz,EPIlowcov,EPIlowcov,func,ofM,4013,JogB,CBV,4013_ofM_cbv,Generic,Generic,19.75711251282599,576.856,1.018072204102955
59,/home/chymera/ni_data/ofM.dr/preprocessing/generic_collapsed/sub-4013/ses-ofM/func/sub-4013_ses-ofM_task-JogB_acq-EPIlowcov_bold.nii.gz,EPIlowcov,EPIlowcov,func,ofM,4013,JogB,BOLD,4013_ofM_bold,Generic,Generic,10.122064032796773,577.344,1.0189334575797366
61,/home/chymera/ni_data/ofM.dr/preprocessing/generic_collapsed/sub-4012/ses-ofMaF/func/sub-4012_ses-ofMaF_task-JogB_acq-EPIlowcov_bold.nii.gz,EPIlowcov,EPIlowcov,func,ofMaF,4012,JogB,BOLD,4012_ofMaF_bold,Generic,Generic,7.402939622197302,599.872,1.073844341691415
62,/home/chymera/ni_data/ofM.dr/preprocessing/generic_collapsed/sub-4012/ses-ofMaF/func/sub-4012_ses-ofMaF_task-JogB_acq-EPIlowcov_cbv.nii.gz,EPIlowcov,EPIlowcov,func,ofMaF,4012,JogB,CBV,4012_ofMaF_cbv,Generic,Generic,15.088497343249625,583.64,1.0447870738837244
64,/home/chymera/ni_data/ofM.dr/preprocessing/generic_collapsed/sub-4012/ses-ofM/func/sub-4012_ses-ofM_task-JogB_acq-EPIlowcov_cbv.nii.gz,EPIlowcov,EPIlowcov,func,ofM,4012,JogB,CBV,4012_ofM_cbv,Generic,Generic,16.443046606937425,562.12,0.9920651728860463
65,/home/chymera/ni_data/ofM.dr/preprocessing/generic_collapsed/sub-4012/ses-ofM/func/sub-4012_ses-ofM_task-JogB_acq-EPIlowcov_bold.nii.gz,EPIlowcov,EPIlowcov,func,ofM,4012,JogB,BOLD,4012_ofM_bold,Generic,Generic,10.018076512496918,570.264,1.0065412543817227
67,/home/chymera/ni_data/ofM.dr/preprocessing/generic_collapsed/sub-4012/ses-ofMpF/func/sub-4012_ses-ofMpF_task-JogB_acq-EPIlowcov_cbv.nii.gz,EPIlowcov,EPIlowcov,func,ofMpF,4012,JogB,CBV,4012_ofMpF_cbv,Generic,Generic,11.196024809565863,576.68,1.0337898037219158
68,/home/chymera/ni_data/ofM.dr/preprocessing/generic_collapsed/sub-4012/ses-ofMpF/func/sub-4012_ses-ofMpF_task-JogB_acq-EPIlowcov_bold.nii.gz,EPIlowcov,EPIlowcov,func,ofMpF,4012,JogB,BOLD,4012_ofMpF_bold,Generic,Generic,6.066190205747262,564.88,1.0128452474019034
70,/home/chymera/ni_data/ofM.dr/preprocessing/generic_collapsed/sub-4012/ses-ofMcF2/func/sub-4012_ses-ofMcF2_task-JogB_acq-EPIlowcov_cbv.nii.gz,EPIlowcov,EPIlowcov,func,ofMcF2,4012,JogB,CBV,4012_ofMcF2_cbv,Generic,Generic,12.320964620290328,589.4,1.056599985300102
71,/home/chymera/ni_data/ofM.dr/preprocessing/generic_collapsed/sub-4012/ses-ofMcF2/func/sub-4012_ses-ofMcF2_task-JogB_acq-EPIlowcov_bold.nii.gz,EPIlowcov,EPIlowcov,func,ofMcF2,4012,JogB,BOLD,4012_ofMcF2_bold,Generic,Generic,5.7781872241129175,590.808,1.0591240653464247
73,/home/chymera/ni_data/ofM.dr/preprocessing/generic_collapsed/sub-4012/ses-ofMcF1/func/sub-4012_ses-ofMcF1_task-JogB_acq-EPIlowcov_cbv.nii.gz,EPIlowcov,EPIlowcov,func,ofMcF1,4012,JogB,CBV,4012_ofMcF1_cbv,Generic,Generic,11.321552565763705,592.952,1.0639708164887556
74,/home/chymera/ni_data/ofM.dr/preprocessing/generic_collapsed/sub-4012/ses-ofMcF1/func/sub-4012_ses-ofMcF1_task-JogB_acq-EPIlowcov_bold.nii.gz,EPIlowcov,EPIlowcov,func,ofMcF1,4012,JogB,BOLD,4012_ofMcF1_bold,Generic,Generic,5.832127338580323,574.256,1.0304234157125143
76,/home/chymera/ni_data/ofM.dr/preprocessing/generic_collapsed/sub-4007/ses-ofMaF/func/sub-4007_ses-ofMaF_task-JogB_acq-EPIlowcov_bold.nii.gz,EPIlowcov,EPIlowcov,func,ofMaF,4007,JogB,BOLD,4007_ofMaF_bold,Generic,Generic,9.000608548275197,580.48,1.0244680700862665
77,/home/chymera/ni_data/ofM.dr/preprocessing/generic_collapsed/sub-4007/ses-ofMaF/func/sub-4007_ses-ofMaF_task-JogB_acq-EPIlowcov_cbv.nii.gz,EPIlowcov,EPIlowcov,func,ofMaF,4007,JogB,CBV,4007_ofMaF_cbv,Generic,Generic,16.98559802832548,576.872,1.018100441921866
79,/home/chymera/ni_data/ofM.dr/preprocessing/generic_collapsed/sub-4007/ses-ofM/func/sub-4007_ses-ofM_task-JogB_acq-EPIlowcov_cbv.nii.gz,EPIlowcov,EPIlowcov,func,ofM,4007,JogB,CBV,4007_ofM_cbv,Generic,Generic,18.396059730779385,544.88,0.9616491060870793
80,/home/chymera/ni_data/ofM.dr/preprocessing/generic_collapsed/sub-4007/ses-ofM/func/sub-4007_ses-ofM_task-JogB_acq-EPIlowcov_bold.nii.gz,EPIlowcov,EPIlowcov,func,ofM,4007,JogB,BOLD,4007_ofM_bold,Generic,Generic,10.658326071221381,552.568,0.9753173583360397
82,/home/chymera/ni_data/ofM.dr/preprocessing/generic_collapsed/sub-4007/ses-ofMpF/func/sub-4007_ses-ofMpF_task-JogB_acq-EPIlowcov_cbv.nii.gz,EPIlowcov,EPIlowcov,func,ofMpF,4007,JogB,CBV,4007_ofMpF_cbv,Generic,Generic,13.134875692743812,564.184,1.0072465967417987
83,/home/chymera/ni_data/ofM.dr/preprocessing/generic_collapsed/sub-4007/ses-ofMpF/func/sub-4007_ses-ofMpF_task-JogB_acq-EPIlowcov_bold.nii.gz,EPIlowcov,EPIlowcov,func,ofMpF,4007,JogB,BOLD,4007_ofMpF_bold,Generic,Generic,7.860122910668144,561.488,1.0024333854050436
85,/home/chymera/ni_data/ofM.dr/preprocessing/generic_collapsed/sub-4007/ses-ofMcF2/func/sub-4007_ses-ofMcF2_task-JogB_acq-EPIlowcov_bold.nii.gz,EPIlowcov,EPIlowcov,func,ofMcF2,4007,JogB,BOLD,4007_ofMcF2_bold,Generic,Generic,7.686653916381767,582.736,1.0449908275306778
86,/home/chymera/ni_data/ofM.dr/preprocessing/generic_collapsed/sub-4007/ses-ofMcF2/func/sub-4007_ses-ofMcF2_task-JogB_acq-EPIlowcov_cbv.nii.gz,EPIlowcov,EPIlowcov,func,ofMcF2,4007,JogB,CBV,4007_ofMcF2_cbv,Generic,Generic,14.049526875838637,578.52,1.037536541186176
88,/home/chymera/ni_data/ofM.dr/preprocessing/generic_collapsed/sub-4007/ses-ofMcF1/func/sub-4007_ses-ofMcF1_task-JogB_acq-EPIlowcov_cbv.nii.gz,EPIlowcov,EPIlowcov,func,ofMcF1,4007,JogB,CBV,4007_ofMcF1_cbv,Generic,Generic,15.2850985750556,574.504,1.0302214108824337
89,/home/chymera/ni_data/ofM.dr/preprocessing/generic_collapsed/sub-4007/ses-ofMcF1/func/sub-4007_ses-ofMcF1_task-JogB_acq-EPIlowcov_bold.nii.gz,EPIlowcov,EPIlowcov,func,ofMcF1,4007,JogB,BOLD,4007_ofMcF1_bold,Generic,Generic,8.306339861154557,577.648,1.035647629377964
91,/home/chymera/ni_data/ofM.dr/preprocessing/generic_collapsed/sub-4011/ses-ofMaF/func/sub-4011_ses-ofMaF_task-JogB_acq-EPIlowcov_bold.nii.gz,EPIlowcov,EPIlowcov,func,ofMaF,4011,JogB,BOLD,4011_ofMaF_bold,Generic,Generic,9.722257490623747,595.136,1.050333912208621
92,/home/chymera/ni_data/ofM.dr/preprocessing/generic_collapsed/sub-4011/ses-ofMaF/func/sub-4011_ses-ofMaF_task-JogB_acq-EPIlowcov_cbv.nii.gz,EPIlowcov,EPIlowcov,func,ofMaF,4011,JogB,CBV,4011_ofMaF_cbv,Generic,Generic,15.387464227769527,576.488,1.0174227342680053
94,/home/chymera/ni_data/ofM.dr/preprocessing/generic_collapsed/sub-4011/ses-ofM/func/sub-4011_ses-ofM_task-JogB_acq-EPIlowcov_bold.nii.gz,EPIlowcov,EPIlowcov,func,ofM,4011,JogB,BOLD,4011_ofM_bold,Generic,Generic,8.016892031738536,561.344,1.007245570655977
95,/home/chymera/ni_data/ofM.dr/preprocessing/generic_collapsed/sub-4011/ses-ofM/func/sub-4011_ses-ofM_task-JogB_acq-EPIlowcov_cbv.nii.gz,EPIlowcov,EPIlowcov,func,ofM,4011,JogB,CBV,4011_ofM_cbv,Generic,Generic,16.823312208503488,566.04,1.015671821225682
97,/home/chymera/ni_data/ofM.dr/preprocessing/generic_collapsed/sub-4011/ses-ofMcF2/func/sub-4011_ses-ofMcF2_task-JogB_acq-EPIlowcov_cbv.nii.gz,EPIlowcov,EPIlowcov,func,ofMcF2,4011,JogB,CBV,4011_ofMcF2_cbv,Generic,Generic,11.634222518792377,635.576,1.140459861689796
98,/home/chymera/ni_data/ofM.dr/preprocessing/generic_collapsed/sub-4011/ses-ofMcF2/func/sub-4011_ses-ofMcF2_task-JogB_acq-EPIlowcov_bold.nii.gz,EPIlowcov,EPIlowcov,func,ofMcF2,4011,JogB,BOLD,4011_ofMcF2_bold,Generic,Generic,6.085530829965139,641.8,1.151628033834681
100,/home/chymera/ni_data/ofM.dr/preprocessing/generic_collapsed/sub-4011/ses-ofMcF1/func/sub-4011_ses-ofMcF1_task-JogB_acq-EPIlowcov_bold.nii.gz,EPIlowcov,EPIlowcov,func,ofMcF1,4011,JogB,BOLD,4011_ofMcF1_bold,Generic,Generic,8.522747204336339,636.336,1.1416658443597218
101,/home/chymera/ni_data/ofM.dr/preprocessing/generic_collapsed/sub-4011/ses-ofMcF1/func/sub-4011_ses-ofMcF1_task-JogB_acq-EPIlowcov_cbv.nii.gz,EPIlowcov,EPIlowcov,func,ofMcF1,4011,JogB,CBV,4011_ofMcF1_cbv,Generic,Generic,15.787374570034446,624.832,1.1210262390670553
1,/home/chymera/ni_data/ofM.dr/preprocessing/generic_ambmc_collapsed/sub-4008/ses-ofMaF/func/sub-4008_ses-ofMaF_task-JogB_acq-EPIlowcov_bold.nii.gz,EPIlowcov,EPIlowcov,func,ofMaF,4008,JogB,BOLD,4008_ofMaF_bold,Generic,Legacy,8.373740390082823,355.696,0.6349061285105867
2,/home/chymera/ni_data/ofM.dr/preprocessing/generic_ambmc_collapsed/sub-4008/ses-ofMaF/func/sub-4008_ses-ofMaF_task-JogB_acq-EPIlowcov_cbv.nii.gz,EPIlowcov,EPIlowcov,func,ofMaF,4008,JogB,CBV,4008_ofMaF_cbv,Generic,Legacy,16.391013907641188,351.304,0.6270665471927801
4,/home/chymera/ni_data/ofM.dr/preprocessing/generic_ambmc_collapsed/sub-4008/ses-ofM/func/sub-4008_ses-ofM_task-JogB_acq-EPIlowcov_cbv.nii.gz,EPIlowcov,EPIlowcov,func,ofM,4008,JogB,CBV,4008_ofM_cbv,Generic,Legacy,11.338922575144098,351.832,0.6209497655324805
5,/home/chymera/ni_data/ofM.dr/preprocessing/generic_ambmc_collapsed/sub-4008/ses-ofM/func/sub-4008_ses-ofM_task-JogB_acq-EPIlowcov_bold.nii.gz,EPIlowcov,EPIlowcov,func,ofM,4008,JogB,BOLD,4008_ofM_bold,Generic,Legacy,6.250913191267755,363.28,0.6411543885224752
7,/home/chymera/ni_data/ofM.dr/preprocessing/generic_ambmc_collapsed/sub-4008/ses-ofMpF/func/sub-4008_ses-ofMpF_task-JogB_acq-EPIlowcov_bold.nii.gz,EPIlowcov,EPIlowcov,func,ofMpF,4008,JogB,BOLD,4008_ofMpF_bold,Generic,Legacy,7.9592456470150506,361.456,0.6434360642197099
8,/home/chymera/ni_data/ofM.dr/preprocessing/generic_ambmc_collapsed/sub-4008/ses-ofMpF/func/sub-4008_ses-ofMpF_task-JogB_acq-EPIlowcov_cbv.nii.gz,EPIlowcov,EPIlowcov,func,ofMpF,4008,JogB,CBV,4008_ofMpF_cbv,Generic,Legacy,16.80722113698721,348.448,0.6203442756911595
10,/home/chymera/ni_data/ofM.dr/preprocessing/generic_ambmc_collapsed/sub-4008/ses-ofMcF2/func/sub-4008_ses-ofMcF2_task-JogB_acq-EPIlowcov_bold.nii.gz,EPIlowcov,EPIlowcov,func,ofMcF2,4008,JogB,BOLD,4008_ofMcF2_bold,Generic,Legacy,6.380042915507222,369.784,0.6633467993656853
11,/home/chymera/ni_data/ofM.dr/preprocessing/generic_ambmc_collapsed/sub-4008/ses-ofMcF2/func/sub-4008_ses-ofMcF2_task-JogB_acq-EPIlowcov_cbv.nii.gz,EPIlowcov,EPIlowcov,func,ofMcF2,4008,JogB,CBV,4008_ofMcF2_cbv,Generic,Legacy,13.742691470179714,359.144,0.6442599542202737
13,/home/chymera/ni_data/ofM.dr/preprocessing/generic_ambmc_collapsed/sub-4008/ses-ofMcF1/func/sub-4008_ses-ofMcF1_task-JogB_acq-EPIlowcov_cbv.nii.gz,EPIlowcov,EPIlowcov,func,ofMcF1,4008,JogB,CBV,4008_ofMcF1_cbv,Generic,Legacy,16.444044701247478,358.168,0.6413838798058844
14,/home/chymera/ni_data/ofM.dr/preprocessing/generic_ambmc_collapsed/sub-4008/ses-ofMcF1/func/sub-4008_ses-ofMcF1_task-JogB_acq-EPIlowcov_bold.nii.gz,EPIlowcov,EPIlowcov,func,ofMcF1,4008,JogB,BOLD,4008_ofMcF1_bold,Generic,Legacy,8.581853088573553,361.056,0.6465555217305661
16,/home/chymera/ni_data/ofM.dr/preprocessing/generic_ambmc_collapsed/sub-4001/ses-ofMaF/func/sub-4001_ses-ofMaF_task-JogB_acq-EPIlowcov_bold.nii.gz,EPIlowcov,EPIlowcov,func,ofMaF,4001,JogB,BOLD,4001_ofMaF_bold,Generic,Legacy,8.875134223140776,366.2,0.6518740042544481
17,/home/chymera/ni_data/ofM.dr/preprocessing/generic_ambmc_collapsed/sub-4001/ses-ofMaF/func/sub-4001_ses-ofMaF_task-JogB_acq-EPIlowcov_cbv.nii.gz,EPIlowcov,EPIlowcov,func,ofMaF,4001,JogB,CBV,4001_ofMaF_cbv,Generic,Legacy,16.741276453314352,482.784,0.8593184318164828
19,/home/chymera/ni_data/ofM.dr/preprocessing/generic_ambmc_collapsed/sub-4001/ses-ofM/func/sub-4001_ses-ofM_task-JogB_acq-EPIlowcov_cbv.nii.gz,EPIlowcov,EPIlowcov,func,ofM,4001,JogB,CBV,4001_ofM_cbv,Generic,Legacy,18.2600571885705,350.736,0.6191432797986182
20,/home/chymera/ni_data/ofM.dr/preprocessing/generic_ambmc_collapsed/sub-4001/ses-ofM/func/sub-4001_ses-ofM_task-JogB_acq-EPIlowcov_bold.nii.gz,EPIlowcov,EPIlowcov,func,ofM,4001,JogB,BOLD,4001_ofM_bold,Generic,Legacy,8.10789917036891,357.224,0.6305317857041995
22,/home/chymera/ni_data/ofM.dr/preprocessing/generic_ambmc_collapsed/sub-4001/ses-ofMcF2/func/sub-4001_ses-ofMcF2_task-JogB_acq-EPIlowcov_bold.nii.gz,EPIlowcov,EPIlowcov,func,ofMcF2,4001,JogB,BOLD,4001_ofMcF2_bold,Generic,Legacy,6.373974516987801,388.704,0.6946166423931593
23,/home/chymera/ni_data/ofM.dr/preprocessing/generic_ambmc_collapsed/sub-4001/ses-ofMcF2/func/sub-4001_ses-ofMcF2_task-JogB_acq-EPIlowcov_cbv.nii.gz,EPIlowcov,EPIlowcov,func,ofMcF2,4001,JogB,CBV,4001_ofMcF2_cbv,Generic,Legacy,13.768319586436265,374.608,0.6693588158355549
25,/home/chymera/ni_data/ofM.dr/preprocessing/generic_ambmc_collapsed/sub-4001/ses-ofMcF1/func/sub-4001_ses-ofMcF1_task-JogB_acq-EPIlowcov_bold.nii.gz,EPIlowcov,EPIlowcov,func,ofMcF1,4001,JogB,BOLD,4001_ofMcF1_bold,Generic,Legacy,6.805492992703804,498.976,0.8940395689769474
26,/home/chymera/ni_data/ofM.dr/preprocessing/generic_ambmc_collapsed/sub-4001/ses-ofMcF1/func/sub-4001_ses-ofMcF1_task-JogB_acq-EPIlowcov_cbv.nii.gz,EPIlowcov,EPIlowcov,func,ofMcF1,4001,JogB,CBV,4001_ofMcF1_cbv,Generic,Legacy,11.806942053502429,490.808,0.8794045660922319
28,/home/chymera/ni_data/ofM.dr/preprocessing/generic_ambmc_collapsed/sub-4009/ses-ofMaF/func/sub-4009_ses-ofMaF_task-JogB_acq-EPIlowcov_cbv.nii.gz,EPIlowcov,EPIlowcov,func,ofMaF,4009,JogB,CBV,4009_ofMaF_cbv,Generic,Legacy,14.100244160215372,351.496,0.6301470060953747
29,/home/chymera/ni_data/ofM.dr/preprocessing/generic_ambmc_collapsed/sub-4009/ses-ofMaF/func/sub-4009_ses-ofMaF_task-JogB_acq-EPIlowcov_bold.nii.gz,EPIlowcov,EPIlowcov,func,ofMaF,4009,JogB,BOLD,4009_ofMaF_bold,Generic,Legacy,7.893669863464311,358.128,0.6421021868494987
31,/home/chymera/ni_data/ofM.dr/preprocessing/generic_ambmc_collapsed/sub-4009/ses-ofM/func/sub-4009_ses-ofM_task-JogB_acq-EPIlowcov_cbv.nii.gz,EPIlowcov,EPIlowcov,func,ofM,4009,JogB,CBV,4009_ofM_cbv,Generic,Legacy,14.356415686742404,348.328,0.623483926397938
32,/home/chymera/ni_data/ofM.dr/preprocessing/generic_ambmc_collapsed/sub-4009/ses-ofM/func/sub-4009_ses-ofM_task-JogB_acq-EPIlowcov_bold.nii.gz,EPIlowcov,EPIlowcov,func,ofM,4009,JogB,BOLD,4009_ofM_bold,Generic,Legacy,7.281733891551849,353.568,0.6328631774897974
34,/home/chymera/ni_data/ofM.dr/preprocessing/generic_ambmc_collapsed/sub-4009/ses-ofMpF/func/sub-4009_ses-ofMpF_task-JogB_acq-EPIlowcov_cbv.nii.gz,EPIlowcov,EPIlowcov,func,ofMpF,4009,JogB,CBV,4009_ofMpF_cbv,Generic,Legacy,14.175524762985297,355.352,0.6352865879929991
35,/home/chymera/ni_data/ofM.dr/preprocessing/generic_ambmc_collapsed/sub-4009/ses-ofMpF/func/sub-4009_ses-ofMpF_task-JogB_acq-EPIlowcov_bold.nii.gz,EPIlowcov,EPIlowcov,func,ofMpF,4009,JogB,BOLD,4009_ofMpF_bold,Generic,Legacy,7.3888524481887,352.328,0.6298803805083336
37,/home/chymera/ni_data/ofM.dr/preprocessing/generic_ambmc_collapsed/sub-4009/ses-ofMcF2/func/sub-4009_ses-ofMcF2_task-JogB_acq-EPIlowcov_cbv.nii.gz,EPIlowcov,EPIlowcov,func,ofMcF2,4009,JogB,CBV,4009_ofMcF2_cbv,Generic,Legacy,13.502189164049923,360.424,0.6361778213949087
38,/home/chymera/ni_data/ofM.dr/preprocessing/generic_ambmc_collapsed/sub-4009/ses-ofMcF2/func/sub-4009_ses-ofMcF2_task-JogB_acq-EPIlowcov_bold.nii.gz,EPIlowcov,EPIlowcov,func,ofMcF2,4009,JogB,BOLD,4009_ofMcF2_bold,Generic,Legacy,7.191804826958105,366.976,0.6477426369615177
40,/home/chymera/ni_data/ofM.dr/preprocessing/generic_ambmc_collapsed/sub-4009/ses-ofMcF1/func/sub-4009_ses-ofMcF1_task-JogB_acq-EPIlowcov_bold.nii.gz,EPIlowcov,EPIlowcov,func,ofMcF1,4009,JogB,BOLD,4009_ofMcF1_bold,Generic,Legacy,6.594329581845087,360.616,0.6471977544705991
41,/home/chymera/ni_data/ofM.dr/preprocessing/generic_ambmc_collapsed/sub-4009/ses-ofMcF1/func/sub-4009_ses-ofMcF1_task-JogB_acq-EPIlowcov_cbv.nii.gz,EPIlowcov,EPIlowcov,func,ofMcF1,4009,JogB,CBV,4009_ofMcF1_cbv,Generic,Legacy,13.079402402276175,348.472,0.625402910286506
43,/home/chymera/ni_data/ofM.dr/preprocessing/generic_ambmc_collapsed/sub-4002/ses-ofM/func/sub-4002_ses-ofM_task-JogB_acq-EPIlowcov_cbv.nii.gz,EPIlowcov,EPIlowcov,func,ofM,4002,JogB,CBV,4002_ofM_cbv,Generic,Legacy,13.65185357011855,351.136,0.6197224859778117
44,/home/chymera/ni_data/ofM.dr/preprocessing/generic_ambmc_collapsed/sub-4002/ses-ofM/func/sub-4002_ses-ofM_task-JogB_acq-EPIlowcov_bold.nii.gz,EPIlowcov,EPIlowcov,func,ofM,4002,JogB,BOLD,4002_ofM_bold,Generic,Legacy,6.698819908546284,362.072,0.6392209410921442
46,/home/chymera/ni_data/ofM.dr/preprocessing/generic_ambmc_collapsed/sub-4004/ses-ofM/func/sub-4004_ses-ofM_task-JogB_acq-EPIlowcov_bold.nii.gz,EPIlowcov,EPIlowcov,func,ofM,4004,JogB,BOLD,4004_ofM_bold,Generic,Legacy,8.282602289458737,355.328,0.6271696807740779
47,/home/chymera/ni_data/ofM.dr/preprocessing/generic_ambmc_collapsed/sub-4004/ses-ofM/func/sub-4004_ses-ofM_task-JogB_acq-EPIlowcov_cbv.nii.gz,EPIlowcov,EPIlowcov,func,ofM,4004,JogB,CBV,4004_ofM_cbv,Generic,Legacy,16.334813465364277,352.336,0.6218886680622284
49,/home/chymera/ni_data/ofM.dr/preprocessing/generic_ambmc_collapsed/sub-4006/ses-ofM/func/sub-4006_ses-ofM_task-JogB_acq-EPIlowcov_cbv.nii.gz,EPIlowcov,EPIlowcov,func,ofM,4006,JogB,CBV,4006_ofM_cbv,Generic,Legacy,14.505311960652472,355.528,0.6274728513615354
50,/home/chymera/ni_data/ofM.dr/preprocessing/generic_ambmc_collapsed/sub-4006/ses-ofM/func/sub-4006_ses-ofM_task-JogB_acq-EPIlowcov_bold.nii.gz,EPIlowcov,EPIlowcov,func,ofM,4006,JogB,BOLD,4006_ofM_bold,Generic,Legacy,8.817855184348304,365.32,0.644754793038512
52,/home/chymera/ni_data/ofM.dr/preprocessing/generic_ambmc_collapsed/sub-4005/ses-ofMaF/func/sub-4005_ses-ofMaF_task-JogB_acq-EPIlowcov_bold.nii.gz,EPIlowcov,EPIlowcov,func,ofMaF,4005,JogB,BOLD,4005_ofMaF_bold,Generic,Legacy,7.062445865161718,337.728,0.6048419159917905
53,/home/chymera/ni_data/ofM.dr/preprocessing/generic_ambmc_collapsed/sub-4005/ses-ofMaF/func/sub-4005_ses-ofMaF_task-JogB_acq-EPIlowcov_cbv.nii.gz,EPIlowcov,EPIlowcov,func,ofMaF,4005,JogB,CBV,4005_ofMaF_cbv,Generic,Legacy,15.426039486490193,331.84,0.594297012396709
55,/home/chymera/ni_data/ofM.dr/preprocessing/generic_ambmc_collapsed/sub-4005/ses-ofM/func/sub-4005_ses-ofM_task-JogB_acq-EPIlowcov_bold.nii.gz,EPIlowcov,EPIlowcov,func,ofM,4005,JogB,BOLD,4005_ofM_bold,Generic,Legacy,9.028439881280065,458.64,0.8200294298020551
56,/home/chymera/ni_data/ofM.dr/preprocessing/generic_ambmc_collapsed/sub-4005/ses-ofM/func/sub-4005_ses-ofM_task-JogB_acq-EPIlowcov_cbv.nii.gz,EPIlowcov,EPIlowcov,func,ofM,4005,JogB,CBV,4005_ofM_cbv,Generic,Legacy,15.687664725370709,328.616,0.5874321384456151
58,/home/chymera/ni_data/ofM.dr/preprocessing/generic_ambmc_collapsed/sub-4013/ses-ofM/func/sub-4013_ses-ofM_task-JogB_acq-EPIlowcov_cbv.nii.gz,EPIlowcov,EPIlowcov,func,ofM,4013,JogB,CBV,4013_ofM_cbv,Generic,Legacy,19.75711251282599,339.384,0.5989664958278623
59,/home/chymera/ni_data/ofM.dr/preprocessing/generic_ambmc_collapsed/sub-4013/ses-ofM/func/sub-4013_ses-ofM_task-JogB_acq-EPIlowcov_bold.nii.gz,EPIlowcov,EPIlowcov,func,ofM,4013,JogB,BOLD,4013_ofM_bold,Generic,Legacy,10.122064032796773,348.808,0.6155985711663631
61,/home/chymera/ni_data/ofM.dr/preprocessing/generic_ambmc_collapsed/sub-4012/ses-ofMaF/func/sub-4012_ses-ofMaF_task-JogB_acq-EPIlowcov_bold.nii.gz,EPIlowcov,EPIlowcov,func,ofMaF,4012,JogB,BOLD,4012_ofMaF_bold,Generic,Legacy,7.402939622197302,361.152,0.6465063074964958
62,/home/chymera/ni_data/ofM.dr/preprocessing/generic_ambmc_collapsed/sub-4012/ses-ofMaF/func/sub-4012_ses-ofMaF_task-JogB_acq-EPIlowcov_cbv.nii.gz,EPIlowcov,EPIlowcov,func,ofMaF,4012,JogB,CBV,4012_ofMaF_cbv,Generic,Legacy,15.088497343249625,351.32,0.628905823447382
64,/home/chymera/ni_data/ofM.dr/preprocessing/generic_ambmc_collapsed/sub-4012/ses-ofM/func/sub-4012_ses-ofM_task-JogB_acq-EPIlowcov_cbv.nii.gz,EPIlowcov,EPIlowcov,func,ofM,4012,JogB,CBV,4012_ofM_cbv,Generic,Legacy,16.443046606937425,343.592,0.6063930422014203
65,/home/chymera/ni_data/ofM.dr/preprocessing/generic_ambmc_collapsed/sub-4012/ses-ofM/func/sub-4012_ses-ofM_task-JogB_acq-EPIlowcov_bold.nii.gz,EPIlowcov,EPIlowcov,func,ofM,4012,JogB,BOLD,4012_ofM_bold,Generic,Legacy,10.018076512496918,346.32,0.6112701612191515
67,/home/chymera/ni_data/ofM.dr/preprocessing/generic_ambmc_collapsed/sub-4012/ses-ofMpF/func/sub-4012_ses-ofMpF_task-JogB_acq-EPIlowcov_cbv.nii.gz,EPIlowcov,EPIlowcov,func,ofMpF,4012,JogB,CBV,4012_ofMpF_cbv,Generic,Legacy,11.196024809565863,346.32,0.620833191414604
68,/home/chymera/ni_data/ofM.dr/preprocessing/generic_ambmc_collapsed/sub-4012/ses-ofMpF/func/sub-4012_ses-ofMpF_task-JogB_acq-EPIlowcov_bold.nii.gz,EPIlowcov,EPIlowcov,func,ofMpF,4012,JogB,BOLD,4012_ofMpF_bold,Generic,Legacy,6.066190205747262,353.904,0.6345595249194931
70,/home/chymera/ni_data/ofM.dr/preprocessing/generic_ambmc_collapsed/sub-4012/ses-ofMcF2/func/sub-4012_ses-ofMcF2_task-JogB_acq-EPIlowcov_cbv.nii.gz,EPIlowcov,EPIlowcov,func,ofMcF2,4012,JogB,CBV,4012_ofMcF2_cbv,Generic,Legacy,12.320964620290328,479.704,0.8599512035093317
71,/home/chymera/ni_data/ofM.dr/preprocessing/generic_ambmc_collapsed/sub-4012/ses-ofMcF2/func/sub-4012_ses-ofMcF2_task-JogB_acq-EPIlowcov_bold.nii.gz,EPIlowcov,EPIlowcov,func,ofMcF2,4012,JogB,BOLD,4012_ofMcF2_bold,Generic,Legacy,5.7781872241129175,357.76,0.6413457935883348
73,/home/chymera/ni_data/ofM.dr/preprocessing/generic_ambmc_collapsed/sub-4012/ses-ofMcF1/func/sub-4012_ses-ofMcF1_task-JogB_acq-EPIlowcov_cbv.nii.gz,EPIlowcov,EPIlowcov,func,ofMcF1,4012,JogB,CBV,4012_ofMcF1_cbv,Generic,Legacy,11.321552565763705,346.416,0.6215958700953345
74,/home/chymera/ni_data/ofM.dr/preprocessing/generic_ambmc_collapsed/sub-4012/ses-ofMcF1/func/sub-4012_ses-ofMcF1_task-JogB_acq-EPIlowcov_bold.nii.gz,EPIlowcov,EPIlowcov,func,ofMcF1,4012,JogB,BOLD,4012_ofMcF1_bold,Generic,Legacy,5.832127338580323,364.256,0.6536072965955559
76,/home/chymera/ni_data/ofM.dr/preprocessing/generic_ambmc_collapsed/sub-4007/ses-ofMaF/func/sub-4007_ses-ofMaF_task-JogB_acq-EPIlowcov_bold.nii.gz,EPIlowcov,EPIlowcov,func,ofMaF,4007,JogB,BOLD,4007_ofMaF_bold,Generic,Legacy,9.000608548275197,357.544,0.6310164202916967
77,/home/chymera/ni_data/ofM.dr/preprocessing/generic_ambmc_collapsed/sub-4007/ses-ofMaF/func/sub-4007_ses-ofMaF_task-JogB_acq-EPIlowcov_cbv.nii.gz,EPIlowcov,EPIlowcov,func,ofMaF,4007,JogB,CBV,4007_ofMaF_cbv,Generic,Legacy,16.98559802832548,349.296,0.6164598246431445
79,/home/chymera/ni_data/ofM.dr/preprocessing/generic_ambmc_collapsed/sub-4007/ses-ofM/func/sub-4007_ses-ofM_task-JogB_acq-EPIlowcov_cbv.nii.gz,EPIlowcov,EPIlowcov,func,ofM,4007,JogB,CBV,4007_ofM_cbv,Generic,Legacy,18.396059730779385,467.352,0.8248213056599777
80,/home/chymera/ni_data/ofM.dr/preprocessing/generic_ambmc_collapsed/sub-4007/ses-ofM/func/sub-4007_ses-ofM_task-JogB_acq-EPIlowcov_bold.nii.gz,EPIlowcov,EPIlowcov,func,ofM,4007,JogB,BOLD,4007_ofM_bold,Generic,Legacy,10.658326071221381,474.384,0.8373176689871362
82,/home/chymera/ni_data/ofM.dr/preprocessing/generic_ambmc_collapsed/sub-4007/ses-ofMpF/func/sub-4007_ses-ofMpF_task-JogB_acq-EPIlowcov_cbv.nii.gz,EPIlowcov,EPIlowcov,func,ofMpF,4007,JogB,CBV,4007_ofMpF_cbv,Generic,Legacy,13.134875692743812,493.568,0.8811747377817452
83,/home/chymera/ni_data/ofM.dr/preprocessing/generic_ambmc_collapsed/sub-4007/ses-ofMpF/func/sub-4007_ses-ofMpF_task-JogB_acq-EPIlowcov_bold.nii.gz,EPIlowcov,EPIlowcov,func,ofMpF,4007,JogB,BOLD,4007_ofMpF_bold,Generic,Legacy,7.860122910668144,499.256,0.8913296139254631
85,/home/chymera/ni_data/ofM.dr/preprocessing/generic_ambmc_collapsed/sub-4007/ses-ofMcF2/func/sub-4007_ses-ofMcF2_task-JogB_acq-EPIlowcov_bold.nii.gz,EPIlowcov,EPIlowcov,func,ofMcF2,4007,JogB,BOLD,4007_ofMcF2_bold,Generic,Legacy,7.686653916381767,375.704,0.6737308727564212
86,/home/chymera/ni_data/ofM.dr/preprocessing/generic_ambmc_collapsed/sub-4007/ses-ofMcF2/func/sub-4007_ses-ofMcF2_task-JogB_acq-EPIlowcov_cbv.nii.gz,EPIlowcov,EPIlowcov,func,ofMcF2,4007,JogB,CBV,4007_ofMcF2_cbv,Generic,Legacy,14.049526875838637,375.184,0.6728671604584013
88,/home/chymera/ni_data/ofM.dr/preprocessing/generic_ambmc_collapsed/sub-4007/ses-ofMcF1/func/sub-4007_ses-ofMcF1_task-JogB_acq-EPIlowcov_cbv.nii.gz,EPIlowcov,EPIlowcov,func,ofMcF1,4007,JogB,CBV,4007_ofMcF1_cbv,Generic,Legacy,15.2850985750556,346.736,0.6217795718110432
89,/home/chymera/ni_data/ofM.dr/preprocessing/generic_ambmc_collapsed/sub-4007/ses-ofMcF1/func/sub-4007_ses-ofMcF1_task-JogB_acq-EPIlowcov_bold.nii.gz,EPIlowcov,EPIlowcov,func,ofMcF1,4007,JogB,BOLD,4007_ofMcF1_bold,Generic,Legacy,8.306339861154557,354.608,0.6357659587819243
91,/home/chymera/ni_data/ofM.dr/preprocessing/generic_ambmc_collapsed/sub-4011/ses-ofMaF/func/sub-4011_ses-ofMaF_task-JogB_acq-EPIlowcov_bold.nii.gz,EPIlowcov,EPIlowcov,func,ofMaF,4011,JogB,BOLD,4011_ofMaF_bold,Generic,Legacy,9.722257490623747,364.704,0.6436528442543098
92,/home/chymera/ni_data/ofM.dr/preprocessing/generic_ambmc_collapsed/sub-4011/ses-ofMaF/func/sub-4011_ses-ofMaF_task-JogB_acq-EPIlowcov_cbv.nii.gz,EPIlowcov,EPIlowcov,func,ofMaF,4011,JogB,CBV,4011_ofMaF_cbv,Generic,Legacy,15.387464227769527,337.064,0.5948720120857866
94,/home/chymera/ni_data/ofM.dr/preprocessing/generic_ambmc_collapsed/sub-4011/ses-ofM/func/sub-4011_ses-ofM_task-JogB_acq-EPIlowcov_bold.nii.gz,EPIlowcov,EPIlowcov,func,ofM,4011,JogB,BOLD,4011_ofM_bold,Generic,Legacy,8.016892031738536,355.936,0.6386724707790692
95,/home/chymera/ni_data/ofM.dr/preprocessing/generic_ambmc_collapsed/sub-4011/ses-ofM/func/sub-4011_ses-ofM_task-JogB_acq-EPIlowcov_cbv.nii.gz,EPIlowcov,EPIlowcov,func,ofM,4011,JogB,CBV,4011_ofM_cbv,Generic,Legacy,16.823312208503488,342.728,0.6149727438785874
97,/home/chymera/ni_data/ofM.dr/preprocessing/generic_ambmc_collapsed/sub-4011/ses-ofMcF2/func/sub-4011_ses-ofMcF2_task-JogB_acq-EPIlowcov_cbv.nii.gz,EPIlowcov,EPIlowcov,func,ofMcF2,4011,JogB,CBV,4011_ofMcF2_cbv,Generic,Legacy,11.634222518792377,380.488,0.6827370634741198
98,/home/chymera/ni_data/ofM.dr/preprocessing/generic_ambmc_collapsed/sub-4011/ses-ofMcF2/func/sub-4011_ses-ofMcF2_task-JogB_acq-EPIlowcov_bold.nii.gz,EPIlowcov,EPIlowcov,func,ofMcF2,4011,JogB,BOLD,4011_ofMcF2_bold,Generic,Legacy,6.085530829965139,398.752,0.7155094760792251
100,/home/chymera/ni_data/ofM.dr/preprocessing/generic_ambmc_collapsed/sub-4011/ses-ofMcF1/func/sub-4011_ses-ofMcF1_task-JogB_acq-EPIlowcov_bold.nii.gz,EPIlowcov,EPIlowcov,func,ofMcF1,4011,JogB,BOLD,4011_ofMcF1_bold,Generic,Legacy,8.522747204336339,390.232,0.7001246916348958
101,/home/chymera/ni_data/ofM.dr/preprocessing/generic_ambmc_collapsed/sub-4011/ses-ofMcF1/func/sub-4011_ses-ofMcF1_task-JogB_acq-EPIlowcov_cbv.nii.gz,EPIlowcov,EPIlowcov,func,ofMcF1,4011,JogB,CBV,4011_ofMcF1_cbv,Generic,Legacy,15.787374570034446,383.256,0.6876088809150033
0,/home/chymera/ni_data/ofM.dr/preprocessing/legacy_collapsed/sub-4008/ses-ofMaF/func/sub-4008_ses-ofMaF_task-JogB_acq-EPIlowcov_bold.nii.gz,EPIlowcov,EPIlowcov,func,ofMaF,4008,JogB,BOLD,4008_ofMaF_bold,Legacy,Legacy,8.373740390082823,389.872,0.6959092093660862
1,/home/chymera/ni_data/ofM.dr/preprocessing/legacy_collapsed/sub-4008/ses-ofMaF/func/sub-4008_ses-ofMaF_task-JogB_acq-EPIlowcov_cbv.nii.gz,EPIlowcov,EPIlowcov,func,ofMaF,4008,JogB,CBV,4008_ofMaF_cbv,Legacy,Legacy,16.391013907641188,373.008,0.6658075018652919
2,/home/chymera/ni_data/ofM.dr/preprocessing/legacy_collapsed/sub-4008/ses-ofM/func/sub-4008_ses-ofM_task-JogB_acq-EPIlowcov_cbv.nii.gz,EPIlowcov,EPIlowcov,func,ofM,4008,JogB,CBV,4008_ofM_cbv,Legacy,Legacy,11.338922575144098,375.656,0.6629968425864319
3,/home/chymera/ni_data/ofM.dr/preprocessing/legacy_collapsed/sub-4008/ses-ofM/func/sub-4008_ses-ofM_task-JogB_acq-EPIlowcov_bold.nii.gz,EPIlowcov,EPIlowcov,func,ofM,4008,JogB,BOLD,4008_ofM_bold,Legacy,Legacy,6.250913191267755,411.392,0.7260674581673588
4,/home/chymera/ni_data/ofM.dr/preprocessing/legacy_collapsed/sub-4008/ses-ofMpF/func/sub-4008_ses-ofMpF_task-JogB_acq-EPIlowcov_bold.nii.gz,EPIlowcov,EPIlowcov,func,ofMpF,4008,JogB,BOLD,4008_ofMpF_bold,Legacy,Legacy,7.9592456470150506,441.816,0.7864867318547633
5,/home/chymera/ni_data/ofM.dr/preprocessing/legacy_collapsed/sub-4008/ses-ofMpF/func/sub-4008_ses-ofMpF_task-JogB_acq-EPIlowcov_cbv.nii.gz,EPIlowcov,EPIlowcov,func,ofMpF,4008,JogB,CBV,4008_ofMpF_cbv,Legacy,Legacy,16.80722113698721,383.128,0.6820853087318698
6,/home/chymera/ni_data/ofM.dr/preprocessing/legacy_collapsed/sub-4008/ses-ofMcF2/func/sub-4008_ses-ofMcF2_task-JogB_acq-EPIlowcov_bold.nii.gz,EPIlowcov,EPIlowcov,func,ofMcF2,4008,JogB,BOLD,4008_ofMcF2_bold,Legacy,Legacy,6.380042915507222,496.552,0.8907529258124467
7,/home/chymera/ni_data/ofM.dr/preprocessing/legacy_collapsed/sub-4008/ses-ofMcF2/func/sub-4008_ses-ofMcF2_task-JogB_acq-EPIlowcov_cbv.nii.gz,EPIlowcov,EPIlowcov,func,ofMcF2,4008,JogB,CBV,4008_ofMcF2_cbv,Legacy,Legacy,13.742691470179714,395.28,0.7090834726577355
8,/home/chymera/ni_data/ofM.dr/preprocessing/legacy_collapsed/sub-4008/ses-ofMcF1/func/sub-4008_ses-ofMcF1_task-JogB_acq-EPIlowcov_cbv.nii.gz,EPIlowcov,EPIlowcov,func,ofMcF1,4008,JogB,CBV,4008_ofMcF1_cbv,Legacy,Legacy,16.444044701247478,382.304,0.6846050534534319
9,/home/chymera/ni_data/ofM.dr/preprocessing/legacy_collapsed/sub-4008/ses-ofMcF1/func/sub-4008_ses-ofMcF1_task-JogB_acq-EPIlowcov_bold.nii.gz,EPIlowcov,EPIlowcov,func,ofMcF1,4008,JogB,BOLD,4008_ofMcF1_bold,Legacy,Legacy,8.581853088573553,502.792,0.900367100621385
10,/home/chymera/ni_data/ofM.dr/preprocessing/legacy_collapsed/sub-4001/ses-ofMaF/func/sub-4001_ses-ofMaF_task-JogB_acq-EPIlowcov_bold.nii.gz,EPIlowcov,EPIlowcov,func,ofMaF,4001,JogB,BOLD,4001_ofMaF_bold,Legacy,Legacy,8.875134223140776,415.104,0.7389281995140317
11,/home/chymera/ni_data/ofM.dr/preprocessing/legacy_collapsed/sub-4001/ses-ofMaF/func/sub-4001_ses-ofMaF_task-JogB_acq-EPIlowcov_cbv.nii.gz,EPIlowcov,EPIlowcov,func,ofMaF,4001,JogB,CBV,4001_ofMaF_cbv,Legacy,Legacy,16.741276453314352,368.856,0.6565353439345558
12,/home/chymera/ni_data/ofM.dr/preprocessing/legacy_collapsed/sub-4001/ses-ofM/func/sub-4001_ses-ofM_task-JogB_acq-EPIlowcov_cbv.nii.gz,EPIlowcov,EPIlowcov,func,ofM,4001,JogB,CBV,4001_ofM_cbv,Legacy,Legacy,18.2600571885705,356.76,0.6297772583965006
13,/home/chymera/ni_data/ofM.dr/preprocessing/legacy_collapsed/sub-4001/ses-ofM/func/sub-4001_ses-ofM_task-JogB_acq-EPIlowcov_bold.nii.gz,EPIlowcov,EPIlowcov,func,ofM,4001,JogB,BOLD,4001_ofM_bold,Legacy,Legacy,8.10789917036891,402.36,0.710200796407693
14,/home/chymera/ni_data/ofM.dr/preprocessing/legacy_collapsed/sub-4001/ses-ofMcF2/func/sub-4001_ses-ofMcF2_task-JogB_acq-EPIlowcov_bold.nii.gz,EPIlowcov,EPIlowcov,func,ofMcF2,4001,JogB,BOLD,4001_ofMcF2_bold,Legacy,Legacy,6.373974516987801,453.72,0.8108006683404962
15,/home/chymera/ni_data/ofM.dr/preprocessing/legacy_collapsed/sub-4001/ses-ofMcF2/func/sub-4001_ses-ofMcF2_task-JogB_acq-EPIlowcov_cbv.nii.gz,EPIlowcov,EPIlowcov,func,ofMcF2,4001,JogB,CBV,4001_ofMcF2_cbv,Legacy,Legacy,13.768319586436265,368.936,0.6592239463094922
16,/home/chymera/ni_data/ofM.dr/preprocessing/legacy_collapsed/sub-4001/ses-ofMcF1/func/sub-4001_ses-ofMcF1_task-JogB_acq-EPIlowcov_bold.nii.gz,EPIlowcov,EPIlowcov,func,ofMcF1,4001,JogB,BOLD,4001_ofMcF1_bold,Legacy,Legacy,6.805492992703804,410.704,0.735878333100406
17,/home/chymera/ni_data/ofM.dr/preprocessing/legacy_collapsed/sub-4001/ses-ofMcF1/func/sub-4001_ses-ofMcF1_task-JogB_acq-EPIlowcov_cbv.nii.gz,EPIlowcov,EPIlowcov,func,ofMcF1,4001,JogB,CBV,4001_ofMcF1_cbv,Legacy,Legacy,11.806942053502429,376.912,0.6753315630856778
18,/home/chymera/ni_data/ofM.dr/preprocessing/legacy_collapsed/sub-4009/ses-ofMaF/func/sub-4009_ses-ofMaF_task-JogB_acq-EPIlowcov_cbv.nii.gz,EPIlowcov,EPIlowcov,func,ofMaF,4009,JogB,CBV,4009_ofMaF_cbv,Legacy,Legacy,14.100244160215372,358.664,0.6429974901398351
19,/home/chymera/ni_data/ofM.dr/preprocessing/legacy_collapsed/sub-4009/ses-ofMaF/func/sub-4009_ses-ofMaF_task-JogB_acq-EPIlowcov_bold.nii.gz,EPIlowcov,EPIlowcov,func,ofMaF,4009,JogB,BOLD,4009_ofMaF_bold,Legacy,Legacy,7.893669863464311,416.328,0.7464513225625421
20,/home/chymera/ni_data/ofM.dr/preprocessing/legacy_collapsed/sub-4009/ses-ofM/func/sub-4009_ses-ofM_task-JogB_acq-EPIlowcov_cbv.nii.gz,EPIlowcov,EPIlowcov,func,ofM,4009,JogB,CBV,4009_ofM_cbv,Legacy,Legacy,14.356415686742404,351.256,0.6287248514355266
21,/home/chymera/ni_data/ofM.dr/preprocessing/legacy_collapsed/sub-4009/ses-ofM/func/sub-4009_ses-ofM_task-JogB_acq-EPIlowcov_bold.nii.gz,EPIlowcov,EPIlowcov,func,ofM,4009,JogB,BOLD,4009_ofM_bold,Legacy,Legacy,7.281733891551849,450.256,0.8059282594687478
22,/home/chymera/ni_data/ofM.dr/preprocessing/legacy_collapsed/sub-4009/ses-ofMpF/func/sub-4009_ses-ofMpF_task-JogB_acq-EPIlowcov_cbv.nii.gz,EPIlowcov,EPIlowcov,func,ofMpF,4009,JogB,CBV,4009_ofMpF_cbv,Legacy,Legacy,14.175524762985297,362.096,0.6473432888119752
23,/home/chymera/ni_data/ofM.dr/preprocessing/legacy_collapsed/sub-4009/ses-ofMpF/func/sub-4009_ses-ofMpF_task-JogB_acq-EPIlowcov_bold.nii.gz,EPIlowcov,EPIlowcov,func,ofMpF,4009,JogB,BOLD,4009_ofMpF_bold,Legacy,Legacy,7.3888524481887,469.896,0.8400645741449558
24,/home/chymera/ni_data/ofM.dr/preprocessing/legacy_collapsed/sub-4009/ses-ofMcF2/func/sub-4009_ses-ofMcF2_task-JogB_acq-EPIlowcov_cbv.nii.gz,EPIlowcov,EPIlowcov,func,ofMcF2,4009,JogB,CBV,4009_ofMcF2_cbv,Legacy,Legacy,13.502189164049923,364.664,0.6436617679764749
25,/home/chymera/ni_data/ofM.dr/preprocessing/legacy_collapsed/sub-4009/ses-ofMcF2/func/sub-4009_ses-ofMcF2_task-JogB_acq-EPIlowcov_bold.nii.gz,EPIlowcov,EPIlowcov,func,ofMcF2,4009,JogB,BOLD,4009_ofMcF2_bold,Legacy,Legacy,7.191804826958105,439.912,0.7764806388183836
26,/home/chymera/ni_data/ofM.dr/preprocessing/legacy_collapsed/sub-4009/ses-ofMcF1/func/sub-4009_ses-ofMcF1_task-JogB_acq-EPIlowcov_bold.nii.gz,EPIlowcov,EPIlowcov,func,ofMcF1,4009,JogB,BOLD,4009_ofMcF1_bold,Legacy,Legacy,6.594329581845087,466.552,0.8373211580844083
27,/home/chymera/ni_data/ofM.dr/preprocessing/legacy_collapsed/sub-4009/ses-ofMcF1/func/sub-4009_ses-ofMcF1_task-JogB_acq-EPIlowcov_cbv.nii.gz,EPIlowcov,EPIlowcov,func,ofMcF1,4009,JogB,CBV,4009_ofMcF1_cbv,Legacy,Legacy,13.079402402276175,376.296,0.675338660004738
28,/home/chymera/ni_data/ofM.dr/preprocessing/legacy_collapsed/sub-4002/ses-ofM/func/sub-4002_ses-ofM_task-JogB_acq-EPIlowcov_cbv.nii.gz,EPIlowcov,EPIlowcov,func,ofM,4002,JogB,CBV,4002_ofM_cbv,Legacy,Legacy,13.65185357011855,354.144,0.6250313271043872
29,/home/chymera/ni_data/ofM.dr/preprocessing/legacy_collapsed/sub-4002/ses-ofM/func/sub-4002_ses-ofM_task-JogB_acq-EPIlowcov_bold.nii.gz,EPIlowcov,EPIlowcov,func,ofM,4002,JogB,BOLD,4002_ofM_bold,Legacy,Legacy,6.698819908546284,394.704,0.6968311891911932
30,/home/chymera/ni_data/ofM.dr/preprocessing/legacy_collapsed/sub-4004/ses-ofM/func/sub-4004_ses-ofM_task-JogB_acq-EPIlowcov_bold.nii.gz,EPIlowcov,EPIlowcov,func,ofM,4004,JogB,BOLD,4004_ofM_bold,Legacy,Legacy,8.282602289458737,413.12,0.7291751241708704
31,/home/chymera/ni_data/ofM.dr/preprocessing/legacy_collapsed/sub-4004/ses-ofM/func/sub-4004_ses-ofM_task-JogB_acq-EPIlowcov_cbv.nii.gz,EPIlowcov,EPIlowcov,func,ofM,4004,JogB,CBV,4004_ofM_cbv,Legacy,Legacy,16.334813465364277,368.8,0.650948358332245
32,/home/chymera/ni_data/ofM.dr/preprocessing/legacy_collapsed/sub-4006/ses-ofM/func/sub-4006_ses-ofM_task-JogB_acq-EPIlowcov_cbv.nii.gz,EPIlowcov,EPIlowcov,func,ofM,4006,JogB,CBV,4006_ofM_cbv,Legacy,Legacy,14.505311960652472,382.392,0.6748852371060514
33,/home/chymera/ni_data/ofM.dr/preprocessing/legacy_collapsed/sub-4006/ses-ofM/func/sub-4006_ses-ofM_task-JogB_acq-EPIlowcov_bold.nii.gz,EPIlowcov,EPIlowcov,func,ofM,4006,JogB,BOLD,4006_ofM_bold,Legacy,Legacy,8.817855184348304,424.56,0.7493077163375416
34,/home/chymera/ni_data/ofM.dr/preprocessing/legacy_collapsed/sub-4005/ses-ofMaF/func/sub-4005_ses-ofMaF_task-JogB_acq-EPIlowcov_bold.nii.gz,EPIlowcov,EPIlowcov,func,ofMaF,4005,JogB,BOLD,4005_ofMaF_bold,Legacy,Legacy,7.062445865161718,378.44,0.677753620333325
35,/home/chymera/ni_data/ofM.dr/preprocessing/legacy_collapsed/sub-4005/ses-ofMaF/func/sub-4005_ses-ofMaF_task-JogB_acq-EPIlowcov_cbv.nii.gz,EPIlowcov,EPIlowcov,func,ofMaF,4005,JogB,CBV,4005_ofMaF_cbv,Legacy,Legacy,15.426039486490193,355.464,0.6366055726090398
36,/home/chymera/ni_data/ofM.dr/preprocessing/legacy_collapsed/sub-4005/ses-ofM/func/sub-4005_ses-ofM_task-JogB_acq-EPIlowcov_bold.nii.gz,EPIlowcov,EPIlowcov,func,ofM,4005,JogB,BOLD,4005_ofM_bold,Legacy,Legacy,9.028439881280065,372.296,0.665649914088579
37,/home/chymera/ni_data/ofM.dr/preprocessing/legacy_collapsed/sub-4005/ses-ofM/func/sub-4005_ses-ofM_task-JogB_acq-EPIlowcov_cbv.nii.gz,EPIlowcov,EPIlowcov,func,ofM,4005,JogB,CBV,4005_ofM_cbv,Legacy,Legacy,15.687664725370709,349.144,0.6241278773567199
38,/home/chymera/ni_data/ofM.dr/preprocessing/legacy_collapsed/sub-4013/ses-ofM/func/sub-4013_ses-ofM_task-JogB_acq-EPIlowcov_cbv.nii.gz,EPIlowcov,EPIlowcov,func,ofM,4013,JogB,CBV,4013_ofM_cbv,Legacy,Legacy,19.75711251282599,365.16,0.6444576220932696
39,/home/chymera/ni_data/ofM.dr/preprocessing/legacy_collapsed/sub-4013/ses-ofM/func/sub-4013_ses-ofM_task-JogB_acq-EPIlowcov_bold.nii.gz,EPIlowcov,EPIlowcov,func,ofM,4013,JogB,BOLD,4013_ofM_bold,Legacy,Legacy,10.122064032796773,447.928,0.7905318593191862
40,/home/chymera/ni_data/ofM.dr/preprocessing/legacy_collapsed/sub-4012/ses-ofMaF/func/sub-4012_ses-ofMaF_task-JogB_acq-EPIlowcov_bold.nii.gz,EPIlowcov,EPIlowcov,func,ofMaF,4012,JogB,BOLD,4012_ofMaF_bold,Legacy,Legacy,7.402939622197302,509.32,0.9117451724872498
41,/home/chymera/ni_data/ofM.dr/preprocessing/legacy_collapsed/sub-4012/ses-ofMaF/func/sub-4012_ses-ofMaF_task-JogB_acq-EPIlowcov_cbv.nii.gz,EPIlowcov,EPIlowcov,func,ofMaF,4012,JogB,CBV,4012_ofMaF_cbv,Legacy,Legacy,15.088497343249625,377.304,0.6754203655072043
42,/home/chymera/ni_data/ofM.dr/preprocessing/legacy_collapsed/sub-4012/ses-ofM/func/sub-4012_ses-ofM_task-JogB_acq-EPIlowcov_cbv.nii.gz,EPIlowcov,EPIlowcov,func,ofM,4012,JogB,CBV,4012_ofM_cbv,Legacy,Legacy,16.443046606937425,364.28,0.6429045420531718
43,/home/chymera/ni_data/ofM.dr/preprocessing/legacy_collapsed/sub-4012/ses-ofM/func/sub-4012_ses-ofM_task-JogB_acq-EPIlowcov_bold.nii.gz,EPIlowcov,EPIlowcov,func,ofM,4012,JogB,BOLD,4012_ofM_bold,Legacy,Legacy,10.018076512496918,395.36,0.6978279364160421
44,/home/chymera/ni_data/ofM.dr/preprocessing/legacy_collapsed/sub-4012/ses-ofMpF/func/sub-4012_ses-ofMpF_task-JogB_acq-EPIlowcov_cbv.nii.gz,EPIlowcov,EPIlowcov,func,ofMpF,4012,JogB,CBV,4012_ofMpF_cbv,Legacy,Legacy,11.196024809565863,442.168,0.7926558402096692
45,/home/chymera/ni_data/ofM.dr/preprocessing/legacy_collapsed/sub-4012/ses-ofMpF/func/sub-4012_ses-ofMpF_task-JogB_acq-EPIlowcov_bold.nii.gz,EPIlowcov,EPIlowcov,func,ofMpF,4012,JogB,BOLD,4012_ofMpF_bold,Legacy,Legacy,6.066190205747262,511.08,0.9163803799783402
46,/home/chymera/ni_data/ofM.dr/preprocessing/legacy_collapsed/sub-4012/ses-ofMcF2/func/sub-4012_ses-ofMcF2_task-JogB_acq-EPIlowcov_cbv.nii.gz,EPIlowcov,EPIlowcov,func,ofMcF2,4012,JogB,CBV,4012_ofMcF2_cbv,Legacy,Legacy,12.320964620290328,393.888,0.7061113929587488
47,/home/chymera/ni_data/ofM.dr/preprocessing/legacy_collapsed/sub-4012/ses-ofMcF2/func/sub-4012_ses-ofMcF2_task-JogB_acq-EPIlowcov_bold.nii.gz,EPIlowcov,EPIlowcov,func,ofMcF2,4012,JogB,BOLD,4012_ofMcF2_bold,Legacy,Legacy,5.7781872241129175,499.44,0.8953313482495469
48,/home/chymera/ni_data/ofM.dr/preprocessing/legacy_collapsed/sub-4012/ses-ofMcF1/func/sub-4012_ses-ofMcF1_task-JogB_acq-EPIlowcov_cbv.nii.gz,EPIlowcov,EPIlowcov,func,ofMcF1,4012,JogB,CBV,4012_ofMcF1_cbv,Legacy,Legacy,11.321552565763705,375.64,0.6740343189766391
49,/home/chymera/ni_data/ofM.dr/preprocessing/legacy_collapsed/sub-4012/ses-ofMcF1/func/sub-4012_ses-ofMcF1_task-JogB_acq-EPIlowcov_bold.nii.gz,EPIlowcov,EPIlowcov,func,ofMcF1,4012,JogB,BOLD,4012_ofMcF1_bold,Legacy,Legacy,5.832127338580323,458.912,0.823454470743817
50,/home/chymera/ni_data/ofM.dr/preprocessing/legacy_collapsed/sub-4007/ses-ofMaF/func/sub-4007_ses-ofMaF_task-JogB_acq-EPIlowcov_bold.nii.gz,EPIlowcov,EPIlowcov,func,ofMaF,4007,JogB,BOLD,4007_ofMaF_bold,Legacy,Legacy,9.000608548275197,474.024,0.8365877419628108
51,/home/chymera/ni_data/ofM.dr/preprocessing/legacy_collapsed/sub-4007/ses-ofMaF/func/sub-4007_ses-ofMaF_task-JogB_acq-EPIlowcov_cbv.nii.gz,EPIlowcov,EPIlowcov,func,ofMaF,4007,JogB,CBV,4007_ofMaF_cbv,Legacy,Legacy,16.98559802832548,368.824,0.6509240826238581
52,/home/chymera/ni_data/ofM.dr/preprocessing/legacy_collapsed/sub-4007/ses-ofM/func/sub-4007_ses-ofM_task-JogB_acq-EPIlowcov_cbv.nii.gz,EPIlowcov,EPIlowcov,func,ofM,4007,JogB,CBV,4007_ofM_cbv,Legacy,Legacy,18.396059730779385,359.184,0.6339175093979986
53,/home/chymera/ni_data/ofM.dr/preprocessing/legacy_collapsed/sub-4007/ses-ofM/func/sub-4007_ses-ofM_task-JogB_acq-EPIlowcov_bold.nii.gz,EPIlowcov,EPIlowcov,func,ofM,4007,JogB,BOLD,4007_ofM_bold,Legacy,Legacy,10.658326071221381,389.808,0.6880356966350838
54,/home/chymera/ni_data/ofM.dr/preprocessing/legacy_collapsed/sub-4007/ses-ofMpF/func/sub-4007_ses-ofMpF_task-JogB_acq-EPIlowcov_cbv.nii.gz,EPIlowcov,EPIlowcov,func,ofMpF,4007,JogB,CBV,4007_ofMpF_cbv,Legacy,Legacy,13.134875692743812,364.0,0.6498549430930596
55,/home/chymera/ni_data/ofM.dr/preprocessing/legacy_collapsed/sub-4007/ses-ofMpF/func/sub-4007_ses-ofMpF_task-JogB_acq-EPIlowcov_bold.nii.gz,EPIlowcov,EPIlowcov,func,ofMpF,4007,JogB,BOLD,4007_ofMpF_bold,Legacy,Legacy,7.860122910668144,490.16,0.8750903816112475
56,/home/chymera/ni_data/ofM.dr/preprocessing/legacy_collapsed/sub-4007/ses-ofMcF2/func/sub-4007_ses-ofMcF2_task-JogB_acq-EPIlowcov_bold.nii.gz,EPIlowcov,EPIlowcov,func,ofMcF2,4007,JogB,BOLD,4007_ofMcF2_bold,Legacy,Legacy,7.686653916381767,487.096,0.8734844803253671
57,/home/chymera/ni_data/ofM.dr/preprocessing/legacy_collapsed/sub-4007/ses-ofMcF2/func/sub-4007_ses-ofMcF2_task-JogB_acq-EPIlowcov_cbv.nii.gz,EPIlowcov,EPIlowcov,func,ofMcF2,4007,JogB,CBV,4007_ofMcF2_cbv,Legacy,Legacy,14.049526875838637,376.264,0.6748040675047974
58,/home/chymera/ni_data/ofM.dr/preprocessing/legacy_collapsed/sub-4007/ses-ofMcF1/func/sub-4007_ses-ofMcF1_task-JogB_acq-EPIlowcov_cbv.nii.gz,EPIlowcov,EPIlowcov,func,ofMcF1,4007,JogB,CBV,4007_ofMcF1_cbv,Legacy,Legacy,15.2850985750556,362.752,0.6505000439342887
59,/home/chymera/ni_data/ofM.dr/preprocessing/legacy_collapsed/sub-4007/ses-ofMcF1/func/sub-4007_ses-ofMcF1_task-JogB_acq-EPIlowcov_bold.nii.gz,EPIlowcov,EPIlowcov,func,ofMcF1,4007,JogB,BOLD,4007_ofMcF1_bold,Legacy,Legacy,8.306339861154557,516.4,0.9258379425026668
60,/home/chymera/ni_data/ofM.dr/preprocessing/legacy_collapsed/sub-4011/ses-ofMaF/func/sub-4011_ses-ofMaF_task-JogB_acq-EPIlowcov_bold.nii.gz,EPIlowcov,EPIlowcov,func,ofMaF,4011,JogB,BOLD,4011_ofMaF_bold,Legacy,Legacy,9.722257490623747,404.464,0.7138238242478151
61,/home/chymera/ni_data/ofM.dr/preprocessing/legacy_collapsed/sub-4011/ses-ofMaF/func/sub-4011_ses-ofMaF_task-JogB_acq-EPIlowcov_cbv.nii.gz,EPIlowcov,EPIlowcov,func,ofMaF,4011,JogB,CBV,4011_ofMaF_cbv,Legacy,Legacy,15.387464227769527,366.256,0.6463919126886639
62,/home/chymera/ni_data/ofM.dr/preprocessing/legacy_collapsed/sub-4011/ses-ofM/func/sub-4011_ses-ofM_task-JogB_acq-EPIlowcov_bold.nii.gz,EPIlowcov,EPIlowcov,func,ofM,4011,JogB,BOLD,4011_ofM_bold,Legacy,Legacy,8.016892031738536,431.664,0.7745547329474292
63,/home/chymera/ni_data/ofM.dr/preprocessing/legacy_collapsed/sub-4011/ses-ofM/func/sub-4011_ses-ofM_task-JogB_acq-EPIlowcov_cbv.nii.gz,EPIlowcov,EPIlowcov,func,ofM,4011,JogB,CBV,4011_ofM_cbv,Legacy,Legacy,16.823312208503488,349.76,0.6275905875766634
64,/home/chymera/ni_data/ofM.dr/preprocessing/legacy_collapsed/sub-4011/ses-ofMcF2/func/sub-4011_ses-ofMcF2_task-JogB_acq-EPIlowcov_cbv.nii.gz,EPIlowcov,EPIlowcov,func,ofMcF2,4011,JogB,CBV,4011_ofMcF2_cbv,Legacy,Legacy,11.634222518792377,390.104,0.6999917458881962
65,/home/chymera/ni_data/ofM.dr/preprocessing/legacy_collapsed/sub-4011/ses-ofMcF2/func/sub-4011_ses-ofMcF2_task-JogB_acq-EPIlowcov_bold.nii.gz,EPIlowcov,EPIlowcov,func,ofMcF2,4011,JogB,BOLD,4011_ofMcF2_bold,Legacy,Legacy,6.085530829965139,420.832,0.7551292127371712
66,/home/chymera/ni_data/ofM.dr/preprocessing/legacy_collapsed/sub-4011/ses-ofMcF1/func/sub-4011_ses-ofMcF1_task-JogB_acq-EPIlowcov_bold.nii.gz,EPIlowcov,EPIlowcov,func,ofMcF1,4011,JogB,BOLD,4011_ofMcF1_bold,Legacy,Legacy,8.522747204336339,415.424,0.7453222695671675
67,/home/chymera/ni_data/ofM.dr/preprocessing/legacy_collapsed/sub-4011/ses-ofMcF1/func/sub-4011_ses-ofMcF1_task-JogB_acq-EPIlowcov_cbv.nii.gz,EPIlowcov,EPIlowcov,func,ofMcF1,4011,JogB,CBV,4011_ofMcF1_cbv,Legacy,Legacy,15.787374570034446,380.84,0.6832742767436645
0,/home/chymera/ni_data/ofM.dr/preprocessing/legacy_dsurqec_collapsed/sub-4008/ses-ofMaF/func/sub-4008_ses-ofMaF_task-JogB_acq-EPIlowcov_bold.nii.gz,EPIlowcov,EPIlowcov,func,ofMaF,4008,JogB,BOLD,4008_ofMaF_bold,Legacy,Generic,8.373740390082823,656.12,1.1711534822948981
1,/home/chymera/ni_data/ofM.dr/preprocessing/legacy_dsurqec_collapsed/sub-4008/ses-ofMaF/func/sub-4008_ses-ofMaF_task-JogB_acq-EPIlowcov_cbv.nii.gz,EPIlowcov,EPIlowcov,func,ofMaF,4008,JogB,CBV,4008_ofMaF_cbv,Legacy,Generic,16.391013907641188,614.576,1.09699875409204
2,/home/chymera/ni_data/ofM.dr/preprocessing/legacy_dsurqec_collapsed/sub-4008/ses-ofM/func/sub-4008_ses-ofM_task-JogB_acq-EPIlowcov_cbv.nii.gz,EPIlowcov,EPIlowcov,func,ofM,4008,JogB,CBV,4008_ofM_cbv,Legacy,Generic,11.338922575144098,618.528,1.0916426492623583
3,/home/chymera/ni_data/ofM.dr/preprocessing/legacy_dsurqec_collapsed/sub-4008/ses-ofM/func/sub-4008_ses-ofM_task-JogB_acq-EPIlowcov_bold.nii.gz,EPIlowcov,EPIlowcov,func,ofM,4008,JogB,BOLD,4008_ofM_bold,Legacy,Generic,6.250913191267755,676.024,1.1931175796810114
4,/home/chymera/ni_data/ofM.dr/preprocessing/legacy_dsurqec_collapsed/sub-4008/ses-ofMpF/func/sub-4008_ses-ofMpF_task-JogB_acq-EPIlowcov_bold.nii.gz,EPIlowcov,EPIlowcov,func,ofMpF,4008,JogB,BOLD,4008_ofMpF_bold,Legacy,Generic,7.9592456470150506,775.864,1.3811331905674853
5,/home/chymera/ni_data/ofM.dr/preprocessing/legacy_dsurqec_collapsed/sub-4008/ses-ofMpF/func/sub-4008_ses-ofMpF_task-JogB_acq-EPIlowcov_cbv.nii.gz,EPIlowcov,EPIlowcov,func,ofMpF,4008,JogB,CBV,4008_ofMpF_cbv,Legacy,Generic,16.80722113698721,629.936,1.1214792211514668
6,/home/chymera/ni_data/ofM.dr/preprocessing/legacy_dsurqec_collapsed/sub-4008/ses-ofMcF2/func/sub-4008_ses-ofMcF2_task-JogB_acq-EPIlowcov_bold.nii.gz,EPIlowcov,EPIlowcov,func,ofMcF2,4008,JogB,BOLD,4008_ofMcF2_bold,Legacy,Generic,6.380042915507222,778.68,1.3968556934049927
7,/home/chymera/ni_data/ofM.dr/preprocessing/legacy_dsurqec_collapsed/sub-4008/ses-ofMcF2/func/sub-4008_ses-ofMcF2_task-JogB_acq-EPIlowcov_cbv.nii.gz,EPIlowcov,EPIlowcov,func,ofMcF2,4008,JogB,CBV,4008_ofMcF2_cbv,Legacy,Generic,13.742691470179714,666.144,1.1949800162166428
8,/home/chymera/ni_data/ofM.dr/preprocessing/legacy_dsurqec_collapsed/sub-4008/ses-ofMcF1/func/sub-4008_ses-ofMcF1_task-JogB_acq-EPIlowcov_cbv.nii.gz,EPIlowcov,EPIlowcov,func,ofMcF1,4008,JogB,CBV,4008_ofMcF1_cbv,Legacy,Generic,16.444044701247478,611.952,1.095843704672027
9,/home/chymera/ni_data/ofM.dr/preprocessing/legacy_dsurqec_collapsed/sub-4008/ses-ofMcF1/func/sub-4008_ses-ofMcF1_task-JogB_acq-EPIlowcov_bold.nii.gz,EPIlowcov,EPIlowcov,func,ofMcF1,4008,JogB,BOLD,4008_ofMcF1_bold,Legacy,Generic,8.581853088573553,712.368,1.275662124169547
10,/home/chymera/ni_data/ofM.dr/preprocessing/legacy_dsurqec_collapsed/sub-4001/ses-ofMaF/func/sub-4001_ses-ofMaF_task-JogB_acq-EPIlowcov_bold.nii.gz,EPIlowcov,EPIlowcov,func,ofMaF,4001,JogB,BOLD,4001_ofMaF_bold,Legacy,Generic,8.875134223140776,675.496,1.2024529830089095
11,/home/chymera/ni_data/ofM.dr/preprocessing/legacy_dsurqec_collapsed/sub-4001/ses-ofMaF/func/sub-4001_ses-ofMaF_task-JogB_acq-EPIlowcov_cbv.nii.gz,EPIlowcov,EPIlowcov,func,ofMaF,4001,JogB,CBV,4001_ofMaF_cbv,Legacy,Generic,16.741276453314352,593.376,1.0561636959748817
12,/home/chymera/ni_data/ofM.dr/preprocessing/legacy_dsurqec_collapsed/sub-4001/ses-ofM/func/sub-4001_ses-ofM_task-JogB_acq-EPIlowcov_cbv.nii.gz,EPIlowcov,EPIlowcov,func,ofM,4001,JogB,CBV,4001_ofM_cbv,Legacy,Generic,18.2600571885705,585.36,1.0333176812842684
13,/home/chymera/ni_data/ofM.dr/preprocessing/legacy_dsurqec_collapsed/sub-4001/ses-ofM/func/sub-4001_ses-ofM_task-JogB_acq-EPIlowcov_bold.nii.gz,EPIlowcov,EPIlowcov,func,ofM,4001,JogB,BOLD,4001_ofM_bold,Legacy,Generic,8.10789917036891,666.656,1.1767064870513146
14,/home/chymera/ni_data/ofM.dr/preprocessing/legacy_dsurqec_collapsed/sub-4001/ses-ofMcF2/func/sub-4001_ses-ofMcF2_task-JogB_acq-EPIlowcov_bold.nii.gz,EPIlowcov,EPIlowcov,func,ofMcF2,4001,JogB,BOLD,4001_ofMcF2_bold,Legacy,Generic,6.373974516987801,797.608,1.4253308196106111
15,/home/chymera/ni_data/ofM.dr/preprocessing/legacy_dsurqec_collapsed/sub-4001/ses-ofMcF2/func/sub-4001_ses-ofMcF2_task-JogB_acq-EPIlowcov_cbv.nii.gz,EPIlowcov,EPIlowcov,func,ofMcF2,4001,JogB,CBV,4001_ofMcF2_cbv,Legacy,Generic,13.768319586436265,579.304,1.0351146784072958
16,/home/chymera/ni_data/ofM.dr/preprocessing/legacy_dsurqec_collapsed/sub-4001/ses-ofMcF1/func/sub-4001_ses-ofMcF1_task-JogB_acq-EPIlowcov_bold.nii.gz,EPIlowcov,EPIlowcov,func,ofMcF1,4001,JogB,BOLD,4001_ofMcF1_bold,Legacy,Generic,6.805492992703804,683.016,1.2237929885292251
17,/home/chymera/ni_data/ofM.dr/preprocessing/legacy_dsurqec_collapsed/sub-4001/ses-ofMcF1/func/sub-4001_ses-ofMcF1_task-JogB_acq-EPIlowcov_cbv.nii.gz,EPIlowcov,EPIlowcov,func,ofMcF1,4001,JogB,CBV,4001_ofMcF1_cbv,Legacy,Generic,11.806942053502429,590.512,1.0580490724117293
18,/home/chymera/ni_data/ofM.dr/preprocessing/legacy_dsurqec_collapsed/sub-4009/ses-ofMaF/func/sub-4009_ses-ofMaF_task-JogB_acq-EPIlowcov_cbv.nii.gz,EPIlowcov,EPIlowcov,func,ofMaF,4009,JogB,CBV,4009_ofMaF_cbv,Legacy,Generic,14.100244160215372,565.672,1.01411258515597
19,/home/chymera/ni_data/ofM.dr/preprocessing/legacy_dsurqec_collapsed/sub-4009/ses-ofMaF/func/sub-4009_ses-ofMaF_task-JogB_acq-EPIlowcov_bold.nii.gz,EPIlowcov,EPIlowcov,func,ofMaF,4009,JogB,BOLD,4009_ofMaF_bold,Legacy,Generic,7.893669863464311,654.024,1.17262610198604
20,/home/chymera/ni_data/ofM.dr/preprocessing/legacy_dsurqec_collapsed/sub-4009/ses-ofM/func/sub-4009_ses-ofM_task-JogB_acq-EPIlowcov_cbv.nii.gz,EPIlowcov,EPIlowcov,func,ofM,4009,JogB,CBV,4009_ofM_cbv,Legacy,Generic,14.356415686742404,564.528,1.0104675306078614
21,/home/chymera/ni_data/ofM.dr/preprocessing/legacy_dsurqec_collapsed/sub-4009/ses-ofM/func/sub-4009_ses-ofM_task-JogB_acq-EPIlowcov_bold.nii.gz,EPIlowcov,EPIlowcov,func,ofM,4009,JogB,BOLD,4009_ofM_bold,Legacy,Generic,7.281733891551849,667.616,1.1949881864394645
22,/home/chymera/ni_data/ofM.dr/preprocessing/legacy_dsurqec_collapsed/sub-4009/ses-ofMpF/func/sub-4009_ses-ofMpF_task-JogB_acq-EPIlowcov_cbv.nii.gz,EPIlowcov,EPIlowcov,func,ofMpF,4009,JogB,CBV,4009_ofMpF_cbv,Legacy,Generic,14.175524762985297,589.0,1.052994777932519
23,/home/chymera/ni_data/ofM.dr/preprocessing/legacy_dsurqec_collapsed/sub-4009/ses-ofMpF/func/sub-4009_ses-ofMpF_task-JogB_acq-EPIlowcov_bold.nii.gz,EPIlowcov,EPIlowcov,func,ofMpF,4009,JogB,BOLD,4009_ofMpF_bold,Legacy,Generic,7.3888524481887,730.088,1.3052272520054278
24,/home/chymera/ni_data/ofM.dr/preprocessing/legacy_dsurqec_collapsed/sub-4009/ses-ofMcF2/func/sub-4009_ses-ofMcF2_task-JogB_acq-EPIlowcov_cbv.nii.gz,EPIlowcov,EPIlowcov,func,ofMcF2,4009,JogB,CBV,4009_ofMcF2_cbv,Legacy,Generic,13.502189164049923,594.784,1.0498423782005344
25,/home/chymera/ni_data/ofM.dr/preprocessing/legacy_dsurqec_collapsed/sub-4009/ses-ofMcF2/func/sub-4009_ses-ofMcF2_task-JogB_acq-EPIlowcov_bold.nii.gz,EPIlowcov,EPIlowcov,func,ofMcF2,4009,JogB,BOLD,4009_ofMcF2_bold,Legacy,Generic,7.191804826958105,733.256,1.2942567770313442
26,/home/chymera/ni_data/ofM.dr/preprocessing/legacy_dsurqec_collapsed/sub-4009/ses-ofMcF1/func/sub-4009_ses-ofMcF1_task-JogB_acq-EPIlowcov_bold.nii.gz,EPIlowcov,EPIlowcov,func,ofMcF1,4009,JogB,BOLD,4009_ofMcF1_bold,Legacy,Generic,6.594329581845087,741.84,1.331380699071781
27,/home/chymera/ni_data/ofM.dr/preprocessing/legacy_dsurqec_collapsed/sub-4009/ses-ofMcF1/func/sub-4009_ses-ofMcF1_task-JogB_acq-EPIlowcov_cbv.nii.gz,EPIlowcov,EPIlowcov,func,ofMcF1,4009,JogB,CBV,4009_ofMcF1_cbv,Legacy,Generic,13.079402402276175,637.648,1.1443872533184014
28,/home/chymera/ni_data/ofM.dr/preprocessing/legacy_dsurqec_collapsed/sub-4002/ses-ofM/func/sub-4002_ses-ofM_task-JogB_acq-EPIlowcov_cbv.nii.gz,EPIlowcov,EPIlowcov,func,ofM,4002,JogB,CBV,4002_ofM_cbv,Legacy,Generic,13.65185357011855,573.328,1.0118707664286395
29,/home/chymera/ni_data/ofM.dr/preprocessing/legacy_dsurqec_collapsed/sub-4002/ses-ofM/func/sub-4002_ses-ofM_task-JogB_acq-EPIlowcov_bold.nii.gz,EPIlowcov,EPIlowcov,func,ofM,4002,JogB,BOLD,4002_ofM_bold,Legacy,Generic,6.698819908546284,647.632,1.1433635755357705
30,/home/chymera/ni_data/ofM.dr/preprocessing/legacy_dsurqec_collapsed/sub-4004/ses-ofM/func/sub-4004_ses-ofM_task-JogB_acq-EPIlowcov_bold.nii.gz,EPIlowcov,EPIlowcov,func,ofM,4004,JogB,BOLD,4004_ofM_bold,Legacy,Generic,8.282602289458737,676.256,1.1936218357167314
31,/home/chymera/ni_data/ofM.dr/preprocessing/legacy_dsurqec_collapsed/sub-4004/ses-ofM/func/sub-4004_ses-ofM_task-JogB_acq-EPIlowcov_cbv.nii.gz,EPIlowcov,EPIlowcov,func,ofM,4004,JogB,CBV,4004_ofM_cbv,Legacy,Generic,16.334813465364277,596.248,1.0524041669167148
32,/home/chymera/ni_data/ofM.dr/preprocessing/legacy_dsurqec_collapsed/sub-4006/ses-ofM/func/sub-4006_ses-ofM_task-JogB_acq-EPIlowcov_cbv.nii.gz,EPIlowcov,EPIlowcov,func,ofM,4006,JogB,CBV,4006_ofM_cbv,Legacy,Generic,14.505311960652472,619.424,1.0932240034027354
33,/home/chymera/ni_data/ofM.dr/preprocessing/legacy_dsurqec_collapsed/sub-4006/ses-ofM/func/sub-4006_ses-ofM_task-JogB_acq-EPIlowcov_bold.nii.gz,EPIlowcov,EPIlowcov,func,ofM,4006,JogB,BOLD,4006_ofM_bold,Legacy,Generic,8.817855184348304,674.312,1.1900960637342197
34,/home/chymera/ni_data/ofM.dr/preprocessing/legacy_dsurqec_collapsed/sub-4005/ses-ofMaF/func/sub-4005_ses-ofMaF_task-JogB_acq-EPIlowcov_bold.nii.gz,EPIlowcov,EPIlowcov,func,ofMaF,4005,JogB,BOLD,4005_ofMaF_bold,Legacy,Generic,7.062445865161718,615.944,1.1031029381740554
35,/home/chymera/ni_data/ofM.dr/preprocessing/legacy_dsurqec_collapsed/sub-4005/ses-ofMaF/func/sub-4005_ses-ofMaF_task-JogB_acq-EPIlowcov_cbv.nii.gz,EPIlowcov,EPIlowcov,func,ofMaF,4005,JogB,CBV,4005_ofMaF_cbv,Legacy,Generic,15.426039486490193,563.072,1.0084137155383308
36,/home/chymera/ni_data/ofM.dr/preprocessing/legacy_dsurqec_collapsed/sub-4005/ses-ofM/func/sub-4005_ses-ofM_task-JogB_acq-EPIlowcov_bold.nii.gz,EPIlowcov,EPIlowcov,func,ofM,4005,JogB,BOLD,4005_ofM_bold,Legacy,Generic,9.028439881280065,608.832,1.0885665397811894
37,/home/chymera/ni_data/ofM.dr/preprocessing/legacy_dsurqec_collapsed/sub-4005/ses-ofM/func/sub-4005_ses-ofM_task-JogB_acq-EPIlowcov_cbv.nii.gz,EPIlowcov,EPIlowcov,func,ofM,4005,JogB,CBV,4005_ofM_cbv,Legacy,Generic,15.687664725370709,543.376,0.9713359229618296
38,/home/chymera/ni_data/ofM.dr/preprocessing/legacy_dsurqec_collapsed/sub-4013/ses-ofM/func/sub-4013_ses-ofM_task-JogB_acq-EPIlowcov_cbv.nii.gz,EPIlowcov,EPIlowcov,func,ofM,4013,JogB,CBV,4013_ofM_cbv,Legacy,Generic,19.75711251282599,578.4,1.0207971536278537
39,/home/chymera/ni_data/ofM.dr/preprocessing/legacy_dsurqec_collapsed/sub-4013/ses-ofM/func/sub-4013_ses-ofM_task-JogB_acq-EPIlowcov_bold.nii.gz,EPIlowcov,EPIlowcov,func,ofM,4013,JogB,BOLD,4013_ofM_bold,Legacy,Generic,10.122064032796773,720.544,1.271661936831999
40,/home/chymera/ni_data/ofM.dr/preprocessing/legacy_dsurqec_collapsed/sub-4012/ses-ofMaF/func/sub-4012_ses-ofMaF_task-JogB_acq-EPIlowcov_bold.nii.gz,EPIlowcov,EPIlowcov,func,ofMaF,4012,JogB,BOLD,4012_ofMaF_bold,Legacy,Generic,7.402939622197302,804.664,1.4404471009861786
41,/home/chymera/ni_data/ofM.dr/preprocessing/legacy_dsurqec_collapsed/sub-4012/ses-ofMaF/func/sub-4012_ses-ofMaF_task-JogB_acq-EPIlowcov_cbv.nii.gz,EPIlowcov,EPIlowcov,func,ofMaF,4012,JogB,CBV,4012_ofMaF_cbv,Legacy,Generic,15.088497343249625,586.992,1.050787564377279
42,/home/chymera/ni_data/ofM.dr/preprocessing/legacy_dsurqec_collapsed/sub-4012/ses-ofM/func/sub-4012_ses-ofM_task-JogB_acq-EPIlowcov_cbv.nii.gz,EPIlowcov,EPIlowcov,func,ofM,4012,JogB,CBV,4012_ofM_cbv,Legacy,Generic,16.443046606937425,605.152,1.068010786846824
43,/home/chymera/ni_data/ofM.dr/preprocessing/legacy_dsurqec_collapsed/sub-4012/ses-ofM/func/sub-4012_ses-ofM_task-JogB_acq-EPIlowcov_bold.nii.gz,EPIlowcov,EPIlowcov,func,ofM,4012,JogB,BOLD,4012_ofM_bold,Legacy,Generic,10.018076512496918,725.656,1.2808150268816254
44,/home/chymera/ni_data/ofM.dr/preprocessing/legacy_dsurqec_collapsed/sub-4012/ses-ofMpF/func/sub-4012_ses-ofMpF_task-JogB_acq-EPIlowcov_cbv.nii.gz,EPIlowcov,EPIlowcov,func,ofMpF,4012,JogB,CBV,4012_ofMpF_cbv,Legacy,Generic,11.196024809565863,640.216,1.1476880990837726
45,/home/chymera/ni_data/ofM.dr/preprocessing/legacy_dsurqec_collapsed/sub-4012/ses-ofMpF/func/sub-4012_ses-ofMpF_task-JogB_acq-EPIlowcov_bold.nii.gz,EPIlowcov,EPIlowcov,func,ofMpF,4012,JogB,BOLD,4012_ofMpF_bold,Legacy,Generic,6.066190205747262,797.96,1.4307640447826493
46,/home/chymera/ni_data/ofM.dr/preprocessing/legacy_dsurqec_collapsed/sub-4012/ses-ofMcF2/func/sub-4012_ses-ofMcF2_task-JogB_acq-EPIlowcov_cbv.nii.gz,EPIlowcov,EPIlowcov,func,ofMcF2,4012,JogB,CBV,4012_ofMcF2_cbv,Legacy,Generic,12.320964620290328,648.448,1.1624535922427561
47,/home/chymera/ni_data/ofM.dr/preprocessing/legacy_dsurqec_collapsed/sub-4012/ses-ofMcF2/func/sub-4012_ses-ofMcF2_task-JogB_acq-EPIlowcov_bold.nii.gz,EPIlowcov,EPIlowcov,func,ofMcF2,4012,JogB,BOLD,4012_ofMcF2_bold,Legacy,Generic,5.7781872241129175,776.352,1.3917433182689256
48,/home/chymera/ni_data/ofM.dr/preprocessing/legacy_dsurqec_collapsed/sub-4012/ses-ofMcF1/func/sub-4012_ses-ofMcF1_task-JogB_acq-EPIlowcov_cbv.nii.gz,EPIlowcov,EPIlowcov,func,ofMcF1,4012,JogB,CBV,4012_ofMcF1_cbv,Legacy,Generic,11.321552565763705,626.232,1.1236871995564335
49,/home/chymera/ni_data/ofM.dr/preprocessing/legacy_dsurqec_collapsed/sub-4012/ses-ofMcF1/func/sub-4012_ses-ofMcF1_task-JogB_acq-EPIlowcov_bold.nii.gz,EPIlowcov,EPIlowcov,func,ofMcF1,4012,JogB,BOLD,4012_ofMcF1_bold,Legacy,Generic,5.832127338580323,698.136,1.25270903874208
50,/home/chymera/ni_data/ofM.dr/preprocessing/legacy_dsurqec_collapsed/sub-4007/ses-ofMaF/func/sub-4007_ses-ofMaF_task-JogB_acq-EPIlowcov_bold.nii.gz,EPIlowcov,EPIlowcov,func,ofMaF,4007,JogB,BOLD,4007_ofMaF_bold,Legacy,Generic,9.000608548275197,754.288,1.3312154969150183
51,/home/chymera/ni_data/ofM.dr/preprocessing/legacy_dsurqec_collapsed/sub-4007/ses-ofMaF/func/sub-4007_ses-ofMaF_task-JogB_acq-EPIlowcov_cbv.nii.gz,EPIlowcov,EPIlowcov,func,ofMaF,4007,JogB,CBV,4007_ofMaF_cbv,Legacy,Generic,16.98559802832548,589.144,1.0397588490265013
52,/home/chymera/ni_data/ofM.dr/preprocessing/legacy_dsurqec_collapsed/sub-4007/ses-ofM/func/sub-4007_ses-ofM_task-JogB_acq-EPIlowcov_cbv.nii.gz,EPIlowcov,EPIlowcov,func,ofM,4007,JogB,CBV,4007_ofM_cbv,Legacy,Generic,18.396059730779385,574.208,1.0134095762517428
53,/home/chymera/ni_data/ofM.dr/preprocessing/legacy_dsurqec_collapsed/sub-4007/ses-ofM/func/sub-4007_ses-ofM_task-JogB_acq-EPIlowcov_bold.nii.gz,EPIlowcov,EPIlowcov,func,ofM,4007,JogB,BOLD,4007_ofM_bold,Legacy,Generic,10.658326071221381,670.976,1.18431494372979
54,/home/chymera/ni_data/ofM.dr/preprocessing/legacy_dsurqec_collapsed/sub-4007/ses-ofMpF/func/sub-4007_ses-ofMpF_task-JogB_acq-EPIlowcov_cbv.nii.gz,EPIlowcov,EPIlowcov,func,ofMpF,4007,JogB,CBV,4007_ofMpF_cbv,Legacy,Generic,13.134875692743812,579.072,1.0338263780406158
55,/home/chymera/ni_data/ofM.dr/preprocessing/legacy_dsurqec_collapsed/sub-4007/ses-ofMpF/func/sub-4007_ses-ofMpF_task-JogB_acq-EPIlowcov_bold.nii.gz,EPIlowcov,EPIlowcov,func,ofMpF,4007,JogB,BOLD,4007_ofMpF_bold,Legacy,Generic,7.860122910668144,693.272,1.2377094398571749
56,/home/chymera/ni_data/ofM.dr/preprocessing/legacy_dsurqec_collapsed/sub-4007/ses-ofMcF2/func/sub-4007_ses-ofMcF2_task-JogB_acq-EPIlowcov_bold.nii.gz,EPIlowcov,EPIlowcov,func,ofMcF2,4007,JogB,BOLD,4007_ofMcF2_bold,Legacy,Generic,7.686653916381767,764.216,1.3704296804250717
57,/home/chymera/ni_data/ofM.dr/preprocessing/legacy_dsurqec_collapsed/sub-4007/ses-ofMcF2/func/sub-4007_ses-ofMcF2_task-JogB_acq-EPIlowcov_cbv.nii.gz,EPIlowcov,EPIlowcov,func,ofMcF2,4007,JogB,CBV,4007_ofMcF2_cbv,Legacy,Generic,14.049526875838637,603.04,1.081511504869169
58,/home/chymera/ni_data/ofM.dr/preprocessing/legacy_dsurqec_collapsed/sub-4007/ses-ofMcF1/func/sub-4007_ses-ofMcF1_task-JogB_acq-EPIlowcov_cbv.nii.gz,EPIlowcov,EPIlowcov,func,ofMcF1,4007,JogB,CBV,4007_ofMcF1_cbv,Legacy,Generic,15.2850985750556,576.072,1.0330332053560383
59,/home/chymera/ni_data/ofM.dr/preprocessing/legacy_dsurqec_collapsed/sub-4007/ses-ofMcF1/func/sub-4007_ses-ofMcF1_task-JogB_acq-EPIlowcov_bold.nii.gz,EPIlowcov,EPIlowcov,func,ofMcF1,4007,JogB,BOLD,4007_ofMcF1_bold,Legacy,Generic,8.306339861154557,827.336,1.4833056932579134
60,/home/chymera/ni_data/ofM.dr/preprocessing/legacy_dsurqec_collapsed/sub-4011/ses-ofMaF/func/sub-4011_ses-ofMaF_task-JogB_acq-EPIlowcov_bold.nii.gz,EPIlowcov,EPIlowcov,func,ofMaF,4011,JogB,BOLD,4011_ofMaF_bold,Legacy,Generic,9.722257490623747,630.12,1.1120759032572325
61,/home/chymera/ni_data/ofM.dr/preprocessing/legacy_dsurqec_collapsed/sub-4011/ses-ofMaF/func/sub-4011_ses-ofMaF_task-JogB_acq-EPIlowcov_cbv.nii.gz,EPIlowcov,EPIlowcov,func,ofMaF,4011,JogB,CBV,4011_ofMaF_cbv,Legacy,Generic,15.387464227769527,596.096,1.052028181343273
62,/home/chymera/ni_data/ofM.dr/preprocessing/legacy_dsurqec_collapsed/sub-4011/ses-ofM/func/sub-4011_ses-ofM_task-JogB_acq-EPIlowcov_bold.nii.gz,EPIlowcov,EPIlowcov,func,ofM,4011,JogB,BOLD,4011_ofM_bold,Legacy,Generic,8.016892031738536,692.112,1.2418886572188348
63,/home/chymera/ni_data/ofM.dr/preprocessing/legacy_dsurqec_collapsed/sub-4011/ses-ofM/func/sub-4011_ses-ofM_task-JogB_acq-EPIlowcov_cbv.nii.gz,EPIlowcov,EPIlowcov,func,ofM,4011,JogB,CBV,4011_ofM_cbv,Legacy,Generic,16.823312208503488,587.272,1.0537693834266992
64,/home/chymera/ni_data/ofM.dr/preprocessing/legacy_dsurqec_collapsed/sub-4011/ses-ofMcF2/func/sub-4011_ses-ofMcF2_task-JogB_acq-EPIlowcov_cbv.nii.gz,EPIlowcov,EPIlowcov,func,ofMcF2,4011,JogB,CBV,4011_ofMcF2_cbv,Legacy,Generic,11.634222518792377,631.616,1.1333541480500557
65,/home/chymera/ni_data/ofM.dr/preprocessing/legacy_dsurqec_collapsed/sub-4011/ses-ofMcF2/func/sub-4011_ses-ofMcF2_task-JogB_acq-EPIlowcov_bold.nii.gz,EPIlowcov,EPIlowcov,func,ofMcF2,4011,JogB,BOLD,4011_ofMcF2_bold,Legacy,Generic,6.085530829965139,700.264,1.256534206115938
66,/home/chymera/ni_data/ofM.dr/preprocessing/legacy_dsurqec_collapsed/sub-4011/ses-ofMcF1/func/sub-4011_ses-ofMcF1_task-JogB_acq-EPIlowcov_bold.nii.gz,EPIlowcov,EPIlowcov,func,ofMcF1,4011,JogB,BOLD,4011_ofMcF1_bold,Legacy,Generic,8.522747204336339,734.64,1.3180354339538012
67,/home/chymera/ni_data/ofM.dr/preprocessing/legacy_dsurqec_collapsed/sub-4011/ses-ofMcF1/func/sub-4011_ses-ofMcF1_task-JogB_acq-EPIlowcov_cbv.nii.gz,EPIlowcov,EPIlowcov,func,ofMcF1,4011,JogB,CBV,4011_ofMcF1_cbv,Legacy,Generic,15.787374570034446,621.344,1.1147683337071093
